Flat K,MRS,BC_Code,RZD_Code,LZA,Lens_Code,Lens_Code_Lazer,BC,RZD
39,-6.5,101,525,31,101-525-31,10153E,10.1,0.525
39,-6.25,101,525,31,101-525-31,10153E,10.1,0.525
39,-6,100,525,31,100-525-31,10053E,10,0.525
39,-5.75,100,525,31,100-525-31,10053E,10,0.525
39,-5.5,99,525,31,99-525-31,9953E,9.9,0.525
39,-5.25,98,525,31,98-525-31,9853E,9.8,0.525
39,-5,98,525,31,98-525-31,9853E,9.8,0.525
39,-4.75,97,525,31,97-525-31,9753E,9.7,0.525
39,-4.5,97,525,31,97-525-31,9753E,9.7,0.525
39,-4.25,96,525,31,96-525-31,9653E,9.6,0.525
39,-4,96,525,31,96-525-31,9653E,9.6,0.525
39,-3.75,95,500,31,95-500-31,9550E,9.5,0.5
39,-3.5,95,500,31,95-500-31,9550E,9.5,0.5
39,-3.25,94,500,31,94-500-31,9450E,9.4,0.5
39,-3,94,500,31,94-500-31,9450E,9.4,0.5
39,-2.75,93,500,31,93-500-31,9350E,9.3,0.5
39,-2.5,93,500,31,93-500-31,9350E,9.3,0.5
39,-2.25,92,500,31,92-500-31,9250E,9.2,0.5
39,-2,92,500,31,92-500-31,9250E,9.2,0.5
39,-1.75,91,500,31,91-500-31,9150E,9.1,0.5
39,-1.5,91,500,31,91-500-31,9150E,9.1,0.5
39,-1.25,90,500,31,90-500-31,9050E,9,0.5
39,-1,90,500,31,90-500-31,9050E,9,0.5
39,-0.75,89,500,31,89-500-31,8950E,8.9,0.5
39,-0.5,89,475,31,89-475-31,8948E,8.9,0.475
39,-0.25,88,475,31,88-475-31,8848E,8.8,0.475
39.125,-6.5,101,525,31,101-525-31,10153E,10.1,0.525
39.125,-6.25,100,525,31,100-525-31,10053E,10,0.525
39.125,-6,100,525,31,100-525-31,10053E,10,0.525
39.125,-5.75,99,525,31,99-525-31,9953E,9.9,0.525
39.125,-5.5,99,525,31,99-525-31,9953E,9.9,0.525
39.125,-5.25,98,525,31,98-525-31,9853E,9.8,0.525
39.125,-5,98,525,31,98-525-31,9853E,9.8,0.525
39.125,-4.75,97,525,31,97-525-31,9753E,9.7,0.525
39.125,-4.5,97,525,31,97-525-31,9753E,9.7,0.525
39.125,-4.25,96,525,31,96-525-31,9653E,9.6,0.525
39.125,-4,96,525,31,96-525-31,9653E,9.6,0.525
39.125,-3.75,95,500,31,95-500-31,9550E,9.5,0.5
39.125,-3.5,95,500,31,95-500-31,9550E,9.5,0.5
39.125,-3.25,94,500,31,94-500-31,9450E,9.4,0.5
39.125,-3,94,500,31,94-500-31,9450E,9.4,0.5
39.125,-2.75,93,500,31,93-500-31,9350E,9.3,0.5
39.125,-2.5,93,500,31,93-500-31,9350E,9.3,0.5
39.125,-2.25,92,500,31,92-500-31,9250E,9.2,0.5
39.125,-2,92,500,31,92-500-31,9250E,9.2,0.5
39.125,-1.75,91,500,31,91-500-31,9150E,9.1,0.5
39.125,-1.5,91,500,31,91-500-31,9150E,9.1,0.5
39.125,-1.25,90,500,31,90-500-31,9050E,9,0.5
39.125,-1,90,500,31,90-500-31,9050E,9,0.5
39.125,-0.75,89,500,31,89-500-31,8950E,8.9,0.5
39.125,-0.5,89,475,31,89-475-31,8948E,8.9,0.475
39.125,-0.25,88,475,31,88-475-31,8848E,8.8,0.475
39.25,-6.5,101,525,31,101-525-31,10153E,10.1,0.525
39.25,-6.25,100,525,31,100-525-31,10053E,10,0.525
39.25,-6,100,525,31,100-525-31,10053E,10,0.525
39.25,-5.75,99,525,31,99-525-31,9953E,9.9,0.525
39.25,-5.5,98,525,31,98-525-31,9853E,9.8,0.525
39.25,-5.25,98,525,31,98-525-31,9853E,9.8,0.525
39.25,-5,97,525,31,97-525-31,9753E,9.7,0.525
39.25,-4.75,97,525,31,97-525-31,9753E,9.7,0.525
39.25,-4.5,96,525,31,96-525-31,9653E,9.6,0.525
39.25,-4.25,96,525,31,96-525-31,9653E,9.6,0.525
39.25,-4,95,525,31,95-525-31,9553E,9.5,0.525
39.25,-3.75,95,525,31,95-525-31,9553E,9.5,0.525
39.25,-3.5,94,500,31,94-500-31,9450E,9.4,0.5
39.25,-3.25,94,500,31,94-500-31,9450E,9.4,0.5
39.25,-3,93,500,31,93-500-31,9350E,9.3,0.5
39.25,-2.75,93,500,31,93-500-31,9350E,9.3,0.5
39.25,-2.5,92,500,31,92-500-31,9250E,9.2,0.5
39.25,-2.25,92,500,31,92-500-31,9250E,9.2,0.5
39.25,-2,91,500,31,91-500-31,9150E,9.1,0.5
39.25,-1.75,91,500,31,91-500-31,9150E,9.1,0.5
39.25,-1.5,90,500,31,90-500-31,9050E,9,0.5
39.25,-1.25,90,500,31,90-500-31,9050E,9,0.5
39.25,-1,89,500,31,89-500-31,8950E,8.9,0.5
39.25,-0.75,89,500,31,89-500-31,8950E,8.9,0.5
39.25,-0.5,88,500,31,88-500-31,8850E,8.8,0.5
39.25,-0.25,88,500,31,88-500-31,8850E,8.8,0.5
39.375,-6.5,100,525,31,100-525-31,10053E,10,0.525
39.375,-6.25,100,525,31,100-525-31,10053E,10,0.525
39.375,-6,99,525,31,99-525-31,9953E,9.9,0.525
39.375,-5.75,99,525,31,99-525-31,9953E,9.9,0.525
39.375,-5.5,98,525,31,98-525-31,9853E,9.8,0.525
39.375,-5.25,98,525,31,98-525-31,9853E,9.8,0.525
39.375,-5,97,525,31,97-525-31,9753E,9.7,0.525
39.375,-4.75,97,525,31,97-525-31,9753E,9.7,0.525
39.375,-4.5,96,525,31,96-525-31,9653E,9.6,0.525
39.375,-4.25,96,525,31,96-525-31,9653E,9.6,0.525
39.375,-4,95,525,31,95-525-31,9553E,9.5,0.525
39.375,-3.75,95,525,31,95-525-31,9553E,9.5,0.525
39.375,-3.5,94,500,31,94-500-31,9450E,9.4,0.5
39.375,-3.25,94,500,31,94-500-31,9450E,9.4,0.5
39.375,-3,93,500,31,93-500-31,9350E,9.3,0.5
39.375,-2.75,93,500,31,93-500-31,9350E,9.3,0.5
39.375,-2.5,92,500,31,92-500-31,9250E,9.2,0.5
39.375,-2.25,92,500,31,92-500-31,9250E,9.2,0.5
39.375,-2,91,500,31,91-500-31,9150E,9.1,0.5
39.375,-1.75,91,500,31,91-500-31,9150E,9.1,0.5
39.375,-1.5,90,500,31,90-500-31,9050E,9,0.5
39.375,-1.25,90,500,31,90-500-31,9050E,9,0.5
39.375,-1,89,500,31,89-500-31,8950E,8.9,0.5
39.375,-0.75,89,500,31,89-500-31,8950E,8.9,0.5
39.375,-0.5,88,500,31,88-500-31,8850E,8.8,0.5
39.375,-0.25,88,500,31,88-500-31,8850E,8.8,0.5
39.5,-6.5,100,525,31,100-525-31,10053E,10,0.525
39.5,-6.25,100,525,31,100-525-31,10053E,10,0.525
39.5,-6,99,525,31,99-525-31,9953E,9.9,0.525
39.5,-5.75,98,525,31,98-525-31,9853E,9.8,0.525
39.5,-5.5,98,525,31,98-525-31,9853E,9.8,0.525
39.5,-5.25,97,525,31,97-525-31,9753E,9.7,0.525
39.5,-5,97,525,31,97-525-31,9753E,9.7,0.525
39.5,-4.75,96,525,31,96-525-31,9653E,9.6,0.525
39.5,-4.5,96,525,31,96-525-31,9653E,9.6,0.525
39.5,-4.25,95,525,31,95-525-31,9553E,9.5,0.525
39.5,-4,95,525,31,95-525-31,9553E,9.5,0.525
39.5,-3.75,94,525,31,94-525-31,9453E,9.4,0.525
39.5,-3.5,94,525,31,94-525-31,9453E,9.4,0.525
39.5,-3.25,93,500,31,93-500-31,9350E,9.3,0.5
39.5,-3,93,500,31,93-500-31,9350E,9.3,0.5
39.5,-2.75,92,500,31,92-500-31,9250E,9.2,0.5
39.5,-2.5,92,500,31,92-500-31,9250E,9.2,0.5
39.5,-2.25,91,500,31,91-500-31,9150E,9.1,0.5
39.5,-2,91,500,31,91-500-31,9150E,9.1,0.5
39.5,-1.75,90,500,31,90-500-31,9050E,9,0.5
39.5,-1.5,90,500,31,90-500-31,9050E,9,0.5
39.5,-1.25,89,500,31,89-500-31,8950E,8.9,0.5
39.5,-1,89,500,31,89-500-31,8950E,8.9,0.5
39.5,-0.75,88,500,31,88-500-31,8850E,8.8,0.5
39.5,-0.5,88,500,31,88-500-31,8850E,8.8,0.5
39.5,-0.25,87,500,31,87-500-31,8750E,8.7,0.5
39.625,-6.5,100,525,31,100-525-31,10053E,10,0.525
39.625,-6.25,99,525,31,99-525-31,9953E,9.9,0.525
39.625,-6,99,525,31,99-525-31,9953E,9.9,0.525
39.625,-5.75,98,525,31,98-525-31,9853E,9.8,0.525
39.625,-5.5,98,525,31,98-525-31,9853E,9.8,0.525
39.625,-5.25,97,525,31,97-525-31,9753E,9.7,0.525
39.625,-5,97,525,31,97-525-31,9753E,9.7,0.525
39.625,-4.75,96,525,31,96-525-31,9653E,9.6,0.525
39.625,-4.5,96,525,31,96-525-31,9653E,9.6,0.525
39.625,-4.25,95,525,31,95-525-31,9553E,9.5,0.525
39.625,-4,95,525,31,95-525-31,9553E,9.5,0.525
39.625,-3.75,94,525,31,94-525-31,9453E,9.4,0.525
39.625,-3.5,94,525,31,94-525-31,9453E,9.4,0.525
39.625,-3.25,93,500,31,93-500-31,9350E,9.3,0.5
39.625,-3,93,500,31,93-500-31,9350E,9.3,0.5
39.625,-2.75,92,500,31,92-500-31,9250E,9.2,0.5
39.625,-2.5,92,500,31,92-500-31,9250E,9.2,0.5
39.625,-2.25,91,500,31,91-500-31,9150E,9.1,0.5
39.625,-2,91,500,31,91-500-31,9150E,9.1,0.5
39.625,-1.75,90,500,31,90-500-31,9050E,9,0.5
39.625,-1.5,90,500,31,90-500-31,9050E,9,0.5
39.625,-1.25,89,500,31,89-500-31,8950E,8.9,0.5
39.625,-1,89,500,31,89-500-31,8950E,8.9,0.5
39.625,-0.75,88,500,31,88-500-31,8850E,8.8,0.5
39.625,-0.5,88,500,31,88-500-31,8850E,8.8,0.5
39.625,-0.25,87,500,31,87-500-31,8750E,8.7,0.5
39.75,-6.5,100,525,31,100-525-31,10053E,10,0.525
39.75,-6.25,99,525,31,99-525-31,9953E,9.9,0.525
39.75,-6,98,525,31,98-525-31,9853E,9.8,0.525
39.75,-5.75,98,525,31,98-525-31,9853E,9.8,0.525
39.75,-5.5,97,525,31,97-525-31,9753E,9.7,0.525
39.75,-5.25,97,525,31,97-525-31,9753E,9.7,0.525
39.75,-5,96,525,31,96-525-31,9653E,9.6,0.525
39.75,-4.75,96,525,31,96-525-31,9653E,9.6,0.525
39.75,-4.5,95,525,31,95-525-31,9553E,9.5,0.525
39.75,-4.25,95,525,31,95-525-31,9553E,9.5,0.525
39.75,-4,94,525,31,94-525-31,9453E,9.4,0.525
39.75,-3.75,94,525,31,94-525-31,9453E,9.4,0.525
39.75,-3.5,93,525,31,93-525-31,9353E,9.3,0.525
39.75,-3.25,93,525,31,93-525-31,9353E,9.3,0.525
39.75,-3,92,500,31,92-500-31,9250E,9.2,0.5
39.75,-2.75,92,500,31,92-500-31,9250E,9.2,0.5
39.75,-2.5,91,500,31,91-500-31,9150E,9.1,0.5
39.75,-2.25,91,500,31,91-500-31,9150E,9.1,0.5
39.75,-2,90,500,31,90-500-31,9050E,9,0.5
39.75,-1.75,90,500,31,90-500-31,9050E,9,0.5
39.75,-1.5,89,500,31,89-500-31,8950E,8.9,0.5
39.75,-1.25,89,500,31,89-500-31,8950E,8.9,0.5
39.75,-1,88,500,31,88-500-31,8850E,8.8,0.5
39.75,-0.75,88,500,31,88-500-31,8850E,8.8,0.5
39.75,-0.5,87,500,31,87-500-31,8750E,8.7,0.5
39.75,-0.25,87,500,31,87-500-31,8750E,8.7,0.5
39.875,-6.5,99,550,31,99-550-31,9955E,9.9,0.55
39.875,-6.25,99,525,31,99-525-31,9953E,9.9,0.525
39.875,-6,98,525,31,98-525-31,9853E,9.8,0.525
39.875,-5.75,98,525,31,98-525-31,9853E,9.8,0.525
39.875,-5.5,97,525,31,97-525-31,9753E,9.7,0.525
39.875,-5.25,97,525,31,97-525-31,9753E,9.7,0.525
39.875,-5,96,525,31,96-525-31,9653E,9.6,0.525
39.875,-4.75,96,525,31,96-525-31,9653E,9.6,0.525
39.875,-4.5,95,525,31,95-525-31,9553E,9.5,0.525
39.875,-4.25,95,525,31,95-525-31,9553E,9.5,0.525
39.875,-4,94,525,31,94-525-31,9453E,9.4,0.525
39.875,-3.75,94,525,31,94-525-31,9453E,9.4,0.525
39.875,-3.5,93,525,31,93-525-31,9353E,9.3,0.525
39.875,-3.25,93,525,31,93-525-31,9353E,9.3,0.525
39.875,-3,92,500,31,92-500-31,9250E,9.2,0.5
39.875,-2.75,92,500,31,92-500-31,9250E,9.2,0.5
39.875,-2.5,91,500,31,91-500-31,9150E,9.1,0.5
39.875,-2.25,91,500,31,91-500-31,9150E,9.1,0.5
39.875,-2,90,500,31,90-500-31,9050E,9,0.5
39.875,-1.75,90,500,31,90-500-31,9050E,9,0.5
39.875,-1.5,89,500,31,89-500-31,8950E,8.9,0.5
39.875,-1.25,89,500,31,89-500-31,8950E,8.9,0.5
39.875,-1,88,500,31,88-500-31,8850E,8.8,0.5
39.875,-0.75,88,500,31,88-500-31,8850E,8.8,0.5
39.875,-0.5,87,500,31,87-500-31,8750E,8.7,0.5
39.875,-0.25,87,500,31,87-500-31,8750E,8.7,0.5
40,-6.5,99,550,32,99-550-32,9955G,9.9,0.55
40,-6.25,98,525,32,98-525-32,9853G,9.8,0.525
40,-6,98,525,32,98-525-32,9853G,9.8,0.525
40,-5.75,97,525,32,97-525-32,9753G,9.7,0.525
40,-5.5,97,525,32,97-525-32,9753G,9.7,0.525
40,-5.25,96,525,32,96-525-32,9653G,9.6,0.525
40,-5,96,525,32,96-525-32,9653G,9.6,0.525
40,-4.75,95,525,32,95-525-32,9553G,9.5,0.525
40,-4.5,95,525,32,95-525-32,9553G,9.5,0.525
40,-4.25,94,525,32,94-525-32,9453G,9.4,0.525
40,-4,94,525,32,94-525-32,9453G,9.4,0.525
40,-3.75,93,525,32,93-525-32,9353G,9.3,0.525
40,-3.5,93,525,32,93-525-32,9353G,9.3,0.525
40,-3.25,92,525,32,92-525-32,9253G,9.2,0.525
40,-3,92,525,32,92-525-32,9253G,9.2,0.525
40,-2.75,91,500,32,91-500-32,9150G,9.1,0.5
40,-2.5,91,500,32,91-500-32,9150G,9.1,0.5
40,-2.25,90,500,32,90-500-32,9050G,9,0.5
40,-2,90,500,32,90-500-32,9050G,9,0.5
40,-1.75,89,500,32,89-500-32,8950G,8.9,0.5
40,-1.5,89,500,32,89-500-32,8950G,8.9,0.5
40,-1.25,88,500,32,88-500-32,8850G,8.8,0.5
40,-1,88,500,32,88-500-32,8850G,8.8,0.5
40,-0.75,87,500,32,87-500-32,8750G,8.7,0.5
40,-0.5,87,500,32,87-500-32,8750G,8.7,0.5
40,-0.25,86,500,32,86-500-32,8650G,8.6,0.5
40.125,-6.5,99,550,32,99-550-32,9955G,9.9,0.55
40.125,-6.25,98,550,32,98-550-32,9855G,9.8,0.55
40.125,-6,98,525,32,98-525-32,9853G,9.8,0.525
40.125,-5.75,97,525,32,97-525-32,9753G,9.7,0.525
40.125,-5.5,97,525,32,97-525-32,9753G,9.7,0.525
40.125,-5.25,96,525,32,96-525-32,9653G,9.6,0.525
40.125,-5,96,525,32,96-525-32,9653G,9.6,0.525
40.125,-4.75,95,525,32,95-525-32,9553G,9.5,0.525
40.125,-4.5,95,525,32,95-525-32,9553G,9.5,0.525
40.125,-4.25,94,525,32,94-525-32,9453G,9.4,0.525
40.125,-4,94,525,32,94-525-32,9453G,9.4,0.525
40.125,-3.75,93,525,32,93-525-32,9353G,9.3,0.525
40.125,-3.5,93,525,32,93-525-32,9353G,9.3,0.525
40.125,-3.25,92,525,32,92-525-32,9253G,9.2,0.525
40.125,-3,92,525,32,92-525-32,9253G,9.2,0.525
40.125,-2.75,91,500,32,91-500-32,9150G,9.1,0.5
40.125,-2.5,91,500,32,91-500-32,9150G,9.1,0.5
40.125,-2.25,90,500,32,90-500-32,9050G,9,0.5
40.125,-2,90,500,32,90-500-32,9050G,9,0.5
40.125,-1.75,89,500,32,89-500-32,8950G,8.9,0.5
40.125,-1.5,89,500,32,89-500-32,8950G,8.9,0.5
40.125,-1.25,88,500,32,88-500-32,8850G,8.8,0.5
40.125,-1,88,500,32,88-500-32,8850G,8.8,0.5
40.125,-0.75,87,500,32,87-500-32,8750G,8.7,0.5
40.125,-0.5,87,500,32,87-500-32,8750G,8.7,0.5
40.125,-0.25,86,500,32,86-500-32,8650G,8.6,0.5
40.25,-6.5,98,550,32,98-550-32,9855G,9.8,0.55
40.25,-6.25,98,550,32,98-550-32,9855G,9.8,0.55
40.25,-6,97,525,32,97-525-32,9753G,9.7,0.525
40.25,-5.75,97,525,32,97-525-32,9753G,9.7,0.525
40.25,-5.5,96,525,32,96-525-32,9653G,9.6,0.525
40.25,-5.25,96,525,32,96-525-32,9653G,9.6,0.525
40.25,-5,95,525,32,95-525-32,9553G,9.5,0.525
40.25,-4.75,95,525,32,95-525-32,9553G,9.5,0.525
40.25,-4.5,94,525,32,94-525-32,9453G,9.4,0.525
40.25,-4.25,94,525,32,94-525-32,9453G,9.4,0.525
40.25,-4,93,525,32,93-525-32,9353G,9.3,0.525
40.25,-3.75,93,525,32,93-525-32,9353G,9.3,0.525
40.25,-3.5,92,525,32,92-525-32,9253G,9.2,0.525
40.25,-3.25,92,525,32,92-525-32,9253G,9.2,0.525
40.25,-3,91,525,32,91-525-32,9153G,9.1,0.525
40.25,-2.75,91,525,32,91-525-32,9153G,9.1,0.525
40.25,-2.5,90,500,32,90-500-32,9050G,9,0.5
40.25,-2.25,90,500,32,90-500-32,9050G,9,0.5
40.25,-2,89,500,32,89-500-32,8950G,8.9,0.5
40.25,-1.75,89,500,32,89-500-32,8950G,8.9,0.5
40.25,-1.5,88,500,32,88-500-32,8850G,8.8,0.5
40.25,-1.25,88,500,32,88-500-32,8850G,8.8,0.5
40.25,-1,87,500,32,87-500-32,8750G,8.7,0.5
40.25,-0.75,87,500,32,87-500-32,8750G,8.7,0.5
40.25,-0.5,86,500,32,86-500-32,8650G,8.6,0.5
40.25,-0.25,86,500,32,86-500-32,8650G,8.6,0.5
40.375,-6.5,98,550,32,98-550-32,9855G,9.8,0.55
40.375,-6.25,98,550,32,98-550-32,9855G,9.8,0.55
40.375,-6,97,550,32,97-550-32,9755G,9.7,0.55
40.375,-5.75,97,525,32,97-525-32,9753G,9.7,0.525
40.375,-5.5,96,525,32,96-525-32,9653G,9.6,0.525
40.375,-5.25,96,525,32,96-525-32,9653G,9.6,0.525
40.375,-5,95,525,32,95-525-32,9553G,9.5,0.525
40.375,-4.75,95,525,32,95-525-32,9553G,9.5,0.525
40.375,-4.5,94,525,32,94-525-32,9453G,9.4,0.525
40.375,-4.25,94,525,32,94-525-32,9453G,9.4,0.525
40.375,-4,93,525,32,93-525-32,9353G,9.3,0.525
40.375,-3.75,93,525,32,93-525-32,9353G,9.3,0.525
40.375,-3.5,92,525,32,92-525-32,9253G,9.2,0.525
40.375,-3.25,92,525,32,92-525-32,9253G,9.2,0.525
40.375,-3,91,525,32,91-525-32,9153G,9.1,0.525
40.375,-2.75,91,525,32,91-525-32,9153G,9.1,0.525
40.375,-2.5,90,500,32,90-500-32,9050G,9,0.5
40.375,-2.25,90,500,32,90-500-32,9050G,9,0.5
40.375,-2,89,500,32,89-500-32,8950G,8.9,0.5
40.375,-1.75,89,500,32,89-500-32,8950G,8.9,0.5
40.375,-1.5,88,500,32,88-500-32,8850G,8.8,0.5
40.375,-1.25,88,500,32,88-500-32,8850G,8.8,0.5
40.375,-1,87,500,32,87-500-32,8750G,8.7,0.5
40.375,-0.75,87,500,32,87-500-32,8750G,8.7,0.5
40.375,-0.5,86,500,32,86-500-32,8650G,8.6,0.5
40.375,-0.25,86,500,32,86-500-32,8650G,8.6,0.5
40.5,-6.5,98,550,32,98-550-32,9855G,9.8,0.55
40.5,-6.25,97,550,32,97-550-32,9755G,9.7,0.55
40.5,-6,97,550,32,97-550-32,9755G,9.7,0.55
40.5,-5.75,96,525,32,96-525-32,9653G,9.6,0.525
40.5,-5.5,96,525,32,96-525-32,9653G,9.6,0.525
40.5,-5.25,95,525,32,95-525-32,9553G,9.5,0.525
40.5,-5,95,525,32,95-525-32,9553G,9.5,0.525
40.5,-4.75,94,525,32,94-525-32,9453G,9.4,0.525
40.5,-4.5,94,525,32,94-525-32,9453G,9.4,0.525
40.5,-4.25,93,525,32,93-525-32,9353G,9.3,0.525
40.5,-4,93,525,32,93-525-32,9353G,9.3,0.525
40.5,-3.75,92,525,32,92-525-32,9253G,9.2,0.525
40.5,-3.5,92,525,32,92-525-32,9253G,9.2,0.525
40.5,-3.25,91,525,32,91-525-32,9153G,9.1,0.525
40.5,-3,91,525,32,91-525-32,9153G,9.1,0.525
40.5,-2.75,90,525,32,90-525-32,9053G,9,0.525
40.5,-2.5,90,525,32,90-525-32,9053G,9,0.525
40.5,-2.25,89,500,32,89-500-32,8950G,8.9,0.5
40.5,-2,89,500,32,89-500-32,8950G,8.9,0.5
40.5,-1.75,88,500,32,88-500-32,8850G,8.8,0.5
40.5,-1.5,88,500,32,88-500-32,8850G,8.8,0.5
40.5,-1.25,87,500,32,87-500-32,8750G,8.7,0.5
40.5,-1,87,500,32,87-500-32,8750G,8.7,0.5
40.5,-0.75,86,500,32,86-500-32,8650G,8.6,0.5
40.5,-0.5,86,500,32,86-500-32,8650G,8.6,0.5
40.5,-0.25,85,500,32,85-500-32,8550G,8.5,0.5
40.625,-6.5,98,550,32,98-550-32,9855G,9.8,0.55
40.625,-6.25,97,550,32,97-550-32,9755G,9.7,0.55
40.625,-6,97,550,32,97-550-32,9755G,9.7,0.55
40.625,-5.75,96,550,32,96-550-32,9655G,9.6,0.55
40.625,-5.5,96,525,32,96-525-32,9653G,9.6,0.525
40.625,-5.25,95,525,32,95-525-32,9553G,9.5,0.525
40.625,-5,95,525,32,95-525-32,9553G,9.5,0.525
40.625,-4.75,94,525,32,94-525-32,9453G,9.4,0.525
40.625,-4.5,94,525,32,94-525-32,9453G,9.4,0.525
40.625,-4.25,93,525,32,93-525-32,9353G,9.3,0.525
40.625,-4,93,525,32,93-525-32,9353G,9.3,0.525
40.625,-3.75,92,525,32,92-525-32,9253G,9.2,0.525
40.625,-3.5,92,525,32,92-525-32,9253G,9.2,0.525
40.625,-3.25,91,525,32,91-525-32,9153G,9.1,0.525
40.625,-3,91,525,32,91-525-32,9153G,9.1,0.525
40.625,-2.75,90,525,32,90-525-32,9053G,9,0.525
40.625,-2.5,90,525,32,90-525-32,9053G,9,0.525
40.625,-2.25,89,500,32,89-500-32,8950G,8.9,0.5
40.625,-2,89,500,32,89-500-32,8950G,8.9,0.5
40.625,-1.75,88,500,32,88-500-32,8850G,8.8,0.5
40.625,-1.5,88,500,32,88-500-32,8850G,8.8,0.5
40.625,-1.25,87,500,32,87-500-32,8750G,8.7,0.5
40.625,-1,87,500,32,87-500-32,8750G,8.7,0.5
40.625,-0.75,86,500,32,86-500-32,8650G,8.6,0.5
40.625,-0.5,86,500,32,86-500-32,8650G,8.6,0.5
40.625,-0.25,85,500,32,85-500-32,8550G,8.5,0.5
40.75,-6.5,97,550,32,97-550-32,9755G,9.7,0.55
40.75,-6.25,97,550,32,97-550-32,9755G,9.7,0.55
40.75,-6,96,550,32,96-550-32,9655G,9.6,0.55
40.75,-5.75,96,550,32,96-550-32,9655G,9.6,0.55
40.75,-5.5,95,525,32,95-525-32,9553G,9.5,0.525
40.75,-5.25,95,525,32,95-525-32,9553G,9.5,0.525
40.75,-5,94,525,32,94-525-32,9453G,9.4,0.525
40.75,-4.75,94,525,32,94-525-32,9453G,9.4,0.525
40.75,-4.5,93,525,32,93-525-32,9353G,9.3,0.525
40.75,-4.25,93,525,32,93-525-32,9353G,9.3,0.525
40.75,-4,92,525,32,92-525-32,9253G,9.2,0.525
40.75,-3.75,92,525,32,92-525-32,9253G,9.2,0.525
40.75,-3.5,91,525,32,91-525-32,9153G,9.1,0.525
40.75,-3.25,91,525,32,91-525-32,9153G,9.1,0.525
40.75,-3,90,525,32,90-525-32,9053G,9,0.525
40.75,-2.75,90,525,32,90-525-32,9053G,9,0.525
40.75,-2.5,89,525,32,89-525-32,8953G,8.9,0.525
40.75,-2.25,89,525,32,89-525-32,8953G,8.9,0.525
40.75,-2,88,500,32,88-500-32,8850G,8.8,0.5
40.75,-1.75,88,500,32,88-500-32,8850G,8.8,0.5
40.75,-1.5,87,500,32,87-500-32,8750G,8.7,0.5
40.75,-1.25,87,500,32,87-500-32,8750G,8.7,0.5
40.75,-1,86,500,32,86-500-32,8650G,8.6,0.5
40.75,-0.75,86,500,32,86-500-32,8650G,8.6,0.5
40.75,-0.5,85,500,32,85-500-32,8550G,8.5,0.5
40.75,-0.25,85,500,32,85-500-32,8550G,8.5,0.5
40.875,-6.5,97,550,32,97-550-32,9755G,9.7,0.55
40.875,-6.25,97,550,32,97-550-32,9755G,9.7,0.55
40.875,-6,96,550,32,96-550-32,9655G,9.6,0.55
40.875,-5.75,96,550,32,96-550-32,9655G,9.6,0.55
40.875,-5.5,95,550,32,95-550-32,9555G,9.5,0.55
40.875,-5.25,95,525,32,95-525-32,9553G,9.5,0.525
40.875,-5,94,525,32,94-525-32,9453G,9.4,0.525
40.875,-4.75,94,525,32,94-525-32,9453G,9.4,0.525
40.875,-4.5,93,525,32,93-525-32,9353G,9.3,0.525
40.875,-4.25,93,525,32,93-525-32,9353G,9.3,0.525
40.875,-4,92,525,32,92-525-32,9253G,9.2,0.525
40.875,-3.75,92,525,32,92-525-32,9253G,9.2,0.525
40.875,-3.5,91,525,32,91-525-32,9153G,9.1,0.525
40.875,-3.25,91,525,32,91-525-32,9153G,9.1,0.525
40.875,-3,90,525,32,90-525-32,9053G,9,0.525
40.875,-2.75,90,525,32,90-525-32,9053G,9,0.525
40.875,-2.5,89,525,32,89-525-32,8953G,8.9,0.525
40.875,-2.25,89,525,32,89-525-32,8953G,8.9,0.525
40.875,-2,88,500,32,88-500-32,8850G,8.8,0.5
40.875,-1.75,88,500,32,88-500-32,8850G,8.8,0.5
40.875,-1.5,87,500,32,87-500-32,8750G,8.7,0.5
40.875,-1.25,87,500,32,87-500-32,8750G,8.7,0.5
40.875,-1,86,500,32,86-500-32,8650G,8.6,0.5
40.875,-0.75,86,500,32,86-500-32,8650G,8.6,0.5
40.875,-0.5,85,500,32,85-500-32,8550G,8.5,0.5
40.875,-0.25,85,500,32,85-500-32,8550G,8.5,0.5
41,-6.5,97,550,32,97-550-32,9755G,9.7,0.55
41,-6.25,96,550,32,96-550-32,9655G,9.6,0.55
41,-6,96,550,32,96-550-32,9655G,9.6,0.55
41,-5.75,95,550,32,95-550-32,9555G,9.5,0.55
41,-5.5,95,550,32,95-550-32,9555G,9.5,0.55
41,-5.25,94,525,32,94-525-32,9453G,9.4,0.525
41,-5,94,525,32,94-525-32,9453G,9.4,0.525
41,-4.75,93,525,32,93-525-32,9353G,9.3,0.525
41,-4.5,93,525,32,93-525-32,9353G,9.3,0.525
41,-4.25,92,525,32,92-525-32,9253G,9.2,0.525
41,-4,92,525,32,92-525-32,9253G,9.2,0.525
41,-3.75,91,525,32,91-525-32,9153G,9.1,0.525
41,-3.5,91,525,32,91-525-32,9153G,9.1,0.525
41,-3.25,90,525,32,90-525-32,9053G,9,0.525
41,-3,90,525,32,90-525-32,9053G,9,0.525
41,-2.75,89,525,32,89-525-32,8953G,8.9,0.525
41,-2.5,89,525,32,89-525-32,8953G,8.9,0.525
41,-2.25,88,525,32,88-525-32,8853G,8.8,0.525
41,-2,88,525,32,88-525-32,8853G,8.8,0.525
41,-1.75,87,500,32,87-500-32,8750G,8.7,0.5
41,-1.5,87,500,32,87-500-32,8750G,8.7,0.5
41,-1.25,86,500,32,86-500-32,8650G,8.6,0.5
41,-1,86,500,32,86-500-32,8650G,8.6,0.5
41,-0.75,85,500,32,85-500-32,8550G,8.5,0.5
41,-0.5,85,500,32,85-500-32,8550G,8.5,0.5
41,-0.25,84,500,32,84-500-32,8450G,8.4,0.5
41.125,-6.5,97,550,32,97-550-32,9755G,9.7,0.55
41.125,-6.25,96,550,32,96-550-32,9655G,9.6,0.55
41.125,-6,96,550,32,96-550-32,9655G,9.6,0.55
41.125,-5.75,95,550,32,95-550-32,9555G,9.5,0.55
41.125,-5.5,95,550,32,95-550-32,9555G,9.5,0.55
41.125,-5.25,94,550,32,94-550-32,9455G,9.4,0.55
41.125,-5,94,525,32,94-525-32,9453G,9.4,0.525
41.125,-4.75,93,525,32,93-525-32,9353G,9.3,0.525
41.125,-4.5,93,525,32,93-525-32,9353G,9.3,0.525
41.125,-4.25,92,525,32,92-525-32,9253G,9.2,0.525
41.125,-4,92,525,32,92-525-32,9253G,9.2,0.525
41.125,-3.75,91,525,32,91-525-32,9153G,9.1,0.525
41.125,-3.5,91,525,32,91-525-32,9153G,9.1,0.525
41.125,-3.25,90,525,32,90-525-32,9053G,9,0.525
41.125,-3,90,525,32,90-525-32,9053G,9,0.525
41.125,-2.75,89,525,32,89-525-32,8953G,8.9,0.525
41.125,-2.5,89,525,32,89-525-32,8953G,8.9,0.525
41.125,-2.25,88,525,32,88-525-32,8853G,8.8,0.525
41.125,-2,88,525,32,88-525-32,8853G,8.8,0.525
41.125,-1.75,87,500,32,87-500-32,8750G,8.7,0.5
41.125,-1.5,87,500,32,87-500-32,8750G,8.7,0.5
41.125,-1.25,86,500,32,86-500-32,8650G,8.6,0.5
41.125,-1,86,500,32,86-500-32,8650G,8.6,0.5
41.125,-0.75,85,500,32,85-500-32,8550G,8.5,0.5
41.125,-0.5,85,500,32,85-500-32,8550G,8.5,0.5
41.125,-0.25,84,500,32,84-500-32,8450G,8.4,0.5
41.25,-6.5,96,550,32,96-550-32,9655G,9.6,0.55
41.25,-6.25,96,550,32,96-550-32,9655G,9.6,0.55
41.25,-6,95,550,32,95-550-32,9555G,9.5,0.55
41.25,-5.75,95,550,32,95-550-32,9555G,9.5,0.55
41.25,-5.5,94,550,32,94-550-32,9455G,9.4,0.55
41.25,-5.25,94,550,32,94-550-32,9455G,9.4,0.55
41.25,-5,93,525,32,93-525-32,9353G,9.3,0.525
41.25,-4.75,93,525,32,93-525-32,9353G,9.3,0.525
41.25,-4.5,92,525,32,92-525-32,9253G,9.2,0.525
41.25,-4.25,92,525,32,92-525-32,9253G,9.2,0.525
41.25,-4,91,525,32,91-525-32,9153G,9.1,0.525
41.25,-3.75,91,525,32,91-525-32,9153G,9.1,0.525
41.25,-3.5,90,525,32,90-525-32,9053G,9,0.525
41.25,-3.25,90,525,32,90-525-32,9053G,9,0.525
41.25,-3,89,525,32,89-525-32,8953G,8.9,0.525
41.25,-2.75,89,525,32,89-525-32,8953G,8.9,0.525
41.25,-2.5,88,525,32,88-525-32,8853G,8.8,0.525
41.25,-2.25,88,525,32,88-525-32,8853G,8.8,0.525
41.25,-2,87,525,32,87-525-32,8753G,8.7,0.525
41.25,-1.75,87,525,32,87-525-32,8753G,8.7,0.525
41.25,-1.5,86,500,32,86-500-32,8650G,8.6,0.5
41.25,-1.25,86,500,32,86-500-32,8650G,8.6,0.5
41.25,-1,85,500,32,85-500-32,8550G,8.5,0.5
41.25,-0.75,85,500,32,85-500-32,8550G,8.5,0.5
41.25,-0.5,84,500,32,84-500-32,8450G,8.4,0.5
41.25,-0.25,84,500,32,84-500-32,8450G,8.4,0.5
41.375,-6.5,96,550,32,96-550-32,9655G,9.6,0.55
41.375,-6.25,96,550,32,96-550-32,9655G,9.6,0.55
41.375,-6,95,550,32,95-550-32,9555G,9.5,0.55
41.375,-5.75,95,550,32,95-550-32,9555G,9.5,0.55
41.375,-5.5,94,550,32,94-550-32,9455G,9.4,0.55
41.375,-5.25,94,550,32,94-550-32,9455G,9.4,0.55
41.375,-5,93,550,32,93-550-32,9355G,9.3,0.55
41.375,-4.75,93,525,32,93-525-32,9353G,9.3,0.525
41.375,-4.5,92,525,32,92-525-32,9253G,9.2,0.525
41.375,-4.25,92,525,32,92-525-32,9253G,9.2,0.525
41.375,-4,91,525,32,91-525-32,9153G,9.1,0.525
41.375,-3.75,91,525,32,91-525-32,9153G,9.1,0.525
41.375,-3.5,90,525,32,90-525-32,9053G,9,0.525
41.375,-3.25,90,525,32,90-525-32,9053G,9,0.525
41.375,-3,89,525,32,89-525-32,8953G,8.9,0.525
41.375,-2.75,89,525,32,89-525-32,8953G,8.9,0.525
41.375,-2.5,88,525,32,88-525-32,8853G,8.8,0.525
41.375,-2.25,88,525,32,88-525-32,8853G,8.8,0.525
41.375,-2,87,525,32,87-525-32,8753G,8.7,0.525
41.375,-1.75,87,525,32,87-525-32,8753G,8.7,0.525
41.375,-1.5,86,500,32,86-500-32,8650G,8.6,0.5
41.375,-1.25,86,500,32,86-500-32,8650G,8.6,0.5
41.375,-1,85,500,32,85-500-32,8550G,8.5,0.5
41.375,-0.75,85,500,32,85-500-32,8550G,8.5,0.5
41.375,-0.5,84,500,32,84-500-32,8450G,8.4,0.5
41.375,-0.25,84,500,32,84-500-32,8450G,8.4,0.5
41.5,-6.5,96,550,32,96-550-32,9655G,9.6,0.55
41.5,-6.25,95,550,32,95-550-32,9555G,9.5,0.55
41.5,-6,95,550,32,95-550-32,9555G,9.5,0.55
41.5,-5.75,94,550,32,94-550-32,9455G,9.4,0.55
41.5,-5.5,94,550,32,94-550-32,9455G,9.4,0.55
41.5,-5.25,93,550,32,93-550-32,9355G,9.3,0.55
41.5,-5,93,550,32,93-550-32,9355G,9.3,0.55
41.5,-4.75,92,525,32,92-525-32,9253G,9.2,0.525
41.5,-4.5,92,525,32,92-525-32,9253G,9.2,0.525
41.5,-4.25,91,525,32,91-525-32,9153G,9.1,0.525
41.5,-4,91,525,32,91-525-32,9153G,9.1,0.525
41.5,-3.75,90,525,32,90-525-32,9053G,9,0.525
41.5,-3.5,90,525,32,90-525-32,9053G,9,0.525
41.5,-3.25,89,525,32,89-525-32,8953G,8.9,0.525
41.5,-3,89,525,32,89-525-32,8953G,8.9,0.525
41.5,-2.75,88,525,32,88-525-32,8853G,8.8,0.525
41.5,-2.5,88,525,32,88-525-32,8853G,8.8,0.525
41.5,-2.25,87,525,32,87-525-32,8753G,8.7,0.525
41.5,-2,87,525,32,87-525-32,8753G,8.7,0.525
41.5,-1.75,86,525,32,86-525-32,8653G,8.6,0.525
41.5,-1.5,86,525,32,86-525-32,8653G,8.6,0.525
41.5,-1.25,85,500,32,85-500-32,8550G,8.5,0.5
41.5,-1,85,500,32,85-500-32,8550G,8.5,0.5
41.5,-0.75,84,500,32,84-500-32,8450G,8.4,0.5
41.5,-0.5,84,500,32,84-500-32,8450G,8.4,0.5
41.5,-0.25,83,500,32,83-500-32,8350G,8.3,0.5
41.625,-6.5,96,550,32,96-550-32,9655G,9.6,0.55
41.625,-6.25,95,550,32,95-550-32,9555G,9.5,0.55
41.625,-6,95,550,32,95-550-32,9555G,9.5,0.55
41.625,-5.75,94,550,32,94-550-32,9455G,9.4,0.55
41.625,-5.5,94,550,32,94-550-32,9455G,9.4,0.55
41.625,-5.25,93,550,32,93-550-32,9355G,9.3,0.55
41.625,-5,93,550,32,93-550-32,9355G,9.3,0.55
41.625,-4.75,92,550,32,92-550-32,9255G,9.2,0.55
41.625,-4.5,92,525,32,92-525-32,9253G,9.2,0.525
41.625,-4.25,91,525,32,91-525-32,9153G,9.1,0.525
41.625,-4,91,525,32,91-525-32,9153G,9.1,0.525
41.625,-3.75,90,525,32,90-525-32,9053G,9,0.525
41.625,-3.5,90,525,32,90-525-32,9053G,9,0.525
41.625,-3.25,89,525,32,89-525-32,8953G,8.9,0.525
41.625,-3,89,525,32,89-525-32,8953G,8.9,0.525
41.625,-2.75,88,525,32,88-525-32,8853G,8.8,0.525
41.625,-2.5,88,525,32,88-525-32,8853G,8.8,0.525
41.625,-2.25,87,525,32,87-525-32,8753G,8.7,0.525
41.625,-2,87,525,32,87-525-32,8753G,8.7,0.525
41.625,-1.75,86,525,32,86-525-32,8653G,8.6,0.525
41.625,-1.5,86,525,32,86-525-32,8653G,8.6,0.525
41.625,-1.25,85,500,32,85-500-32,8550G,8.5,0.5
41.625,-1,85,500,32,85-500-32,8550G,8.5,0.5
41.625,-0.75,84,500,32,84-500-32,8450G,8.4,0.5
41.625,-0.5,84,500,32,84-500-32,8450G,8.4,0.5
41.625,-0.25,83,500,32,83-500-32,8350G,8.3,0.5
41.75,-6.5,95,550,32,95-550-32,9555G,9.5,0.55
41.75,-6.25,95,550,32,95-550-32,9555G,9.5,0.55
41.75,-6,94,550,32,94-550-32,9455G,9.4,0.55
41.75,-5.75,94,550,32,94-550-32,9455G,9.4,0.55
41.75,-5.5,93,550,32,93-550-32,9355G,9.3,0.55
41.75,-5.25,93,550,32,93-550-32,9355G,9.3,0.55
41.75,-5,92,550,32,92-550-32,9255G,9.2,0.55
41.75,-4.75,92,550,32,92-550-32,9255G,9.2,0.55
41.75,-4.5,91,525,32,91-525-32,9153G,9.1,0.525
41.75,-4.25,91,525,32,91-525-32,9153G,9.1,0.525
41.75,-4,90,525,32,90-525-32,9053G,9,0.525
41.75,-3.75,90,525,32,90-525-32,9053G,9,0.525
41.75,-3.5,89,525,32,89-525-32,8953G,8.9,0.525
41.75,-3.25,89,525,32,89-525-32,8953G,8.9,0.525
41.75,-3,88,525,32,88-525-32,8853G,8.8,0.525
41.75,-2.75,88,525,32,88-525-32,8853G,8.8,0.525
41.75,-2.5,87,525,32,87-525-32,8753G,8.7,0.525
41.75,-2.25,87,525,32,87-525-32,8753G,8.7,0.525
41.75,-2,86,525,32,86-525-32,8653G,8.6,0.525
41.75,-1.75,86,525,32,86-525-32,8653G,8.6,0.525
41.75,-1.5,85,525,32,85-525-32,8553G,8.5,0.525
41.75,-1.25,85,525,32,85-525-32,8553G,8.5,0.525
41.75,-1,84,500,32,84-500-32,8450G,8.4,0.5
41.75,-0.75,84,500,32,84-500-32,8450G,8.4,0.5
41.75,-0.5,83,500,32,83-500-32,8350G,8.3,0.5
41.75,-0.25,83,500,32,83-500-32,8350G,8.3,0.5
41.875,-6.5,95,550,32,95-550-32,9555G,9.5,0.55
41.875,-6.25,95,550,32,95-550-32,9555G,9.5,0.55
41.875,-6,94,550,32,94-550-32,9455G,9.4,0.55
41.875,-5.75,94,550,32,94-550-32,9455G,9.4,0.55
41.875,-5.5,93,550,32,93-550-32,9355G,9.3,0.55
41.875,-5.25,93,550,32,93-550-32,9355G,9.3,0.55
41.875,-5,92,550,32,92-550-32,9255G,9.2,0.55
41.875,-4.75,92,550,32,92-550-32,9255G,9.2,0.55
41.875,-4.5,91,550,32,91-550-32,9155G,9.1,0.55
41.875,-4.25,91,525,32,91-525-32,9153G,9.1,0.525
41.875,-4,90,525,32,90-525-32,9053G,9,0.525
41.875,-3.75,90,525,32,90-525-32,9053G,9,0.525
41.875,-3.5,89,525,32,89-525-32,8953G,8.9,0.525
41.875,-3.25,89,525,32,89-525-32,8953G,8.9,0.525
41.875,-3,88,525,32,88-525-32,8853G,8.8,0.525
41.875,-2.75,88,525,32,88-525-32,8853G,8.8,0.525
41.875,-2.5,87,525,32,87-525-32,8753G,8.7,0.525
41.875,-2.25,87,525,32,87-525-32,8753G,8.7,0.525
41.875,-2,86,525,32,86-525-32,8653G,8.6,0.525
41.875,-1.75,86,525,32,86-525-32,8653G,8.6,0.525
41.875,-1.5,85,525,32,85-525-32,8553G,8.5,0.525
41.875,-1.25,85,525,32,85-525-32,8553G,8.5,0.525
41.875,-1,84,500,32,84-500-32,8450G,8.4,0.5
41.875,-0.75,84,500,32,84-500-32,8450G,8.4,0.5
41.875,-0.5,83,500,32,83-500-32,8350G,8.3,0.5
41.875,-0.25,83,500,32,83-500-32,8350G,8.3,0.5
42,-6.5,95,550,32,95-550-32,9555G,9.5,0.55
42,-6.25,94,550,32,94-550-32,9455G,9.4,0.55
42,-6,94,550,32,94-550-32,9455G,9.4,0.55
42,-5.75,93,550,32,93-550-32,9355G,9.3,0.55
42,-5.5,93,550,32,93-550-32,9355G,9.3,0.55
42,-5.25,92,550,32,92-550-32,9255G,9.2,0.55
42,-5,92,550,32,92-550-32,9255G,9.2,0.55
42,-4.75,91,550,32,91-550-32,9155G,9.1,0.55
42,-4.5,91,550,32,91-550-32,9155G,9.1,0.55
42,-4.25,90,525,32,90-525-32,9053G,9,0.525
42,-4,90,525,32,90-525-32,9053G,9,0.525
42,-3.75,89,525,32,89-525-32,8953G,8.9,0.525
42,-3.5,89,525,32,89-525-32,8953G,8.9,0.525
42,-3.25,88,525,32,88-525-32,8853G,8.8,0.525
42,-3,88,525,32,88-525-32,8853G,8.8,0.525
42,-2.75,87,525,32,87-525-32,8753G,8.7,0.525
42,-2.5,87,525,32,87-525-32,8753G,8.7,0.525
42,-2.25,86,525,32,86-525-32,8653G,8.6,0.525
42,-2,86,525,32,86-525-32,8653G,8.6,0.525
42,-1.75,85,525,32,85-525-32,8553G,8.5,0.525
42,-1.5,85,525,32,85-525-32,8553G,8.5,0.525
42,-1.25,84,525,32,84-525-32,8453G,8.4,0.525
42,-1,84,525,32,84-525-32,8453G,8.4,0.525
42,-0.75,83,500,32,83-500-32,8350G,8.3,0.5
42,-0.5,83,500,32,83-500-32,8350G,8.3,0.5
42,-0.25,82,500,32,82-500-32,8250G,8.2,0.5
42.125,-6.5,95,550,33,95-550-33,9555I,9.5,0.55
42.125,-6.25,94,550,33,94-550-33,9455I,9.4,0.55
42.125,-6,94,550,33,94-550-33,9455I,9.4,0.55
42.125,-5.75,93,550,33,93-550-33,9355I,9.3,0.55
42.125,-5.5,93,550,33,93-550-33,9355I,9.3,0.55
42.125,-5.25,92,550,33,92-550-33,9255I,9.2,0.55
42.125,-5,92,550,33,92-550-33,9255I,9.2,0.55
42.125,-4.75,91,550,33,91-550-33,9155I,9.1,0.55
42.125,-4.5,91,550,33,91-550-33,9155I,9.1,0.55
42.125,-4.25,90,550,33,90-550-33,9055I,9,0.55
42.125,-4,90,525,33,90-525-33,9053I,9,0.525
42.125,-3.75,89,525,33,89-525-33,8953I,8.9,0.525
42.125,-3.5,89,525,33,89-525-33,8953I,8.9,0.525
42.125,-3.25,88,525,33,88-525-33,8853I,8.8,0.525
42.125,-3,88,525,33,88-525-33,8853I,8.8,0.525
42.125,-2.75,87,525,33,87-525-33,8753I,8.7,0.525
42.125,-2.5,87,525,33,87-525-33,8753I,8.7,0.525
42.125,-2.25,86,525,33,86-525-33,8653I,8.6,0.525
42.125,-2,86,525,33,86-525-33,8653I,8.6,0.525
42.125,-1.75,85,525,33,85-525-33,8553I,8.5,0.525
42.125,-1.5,85,525,33,85-525-33,8553I,8.5,0.525
42.125,-1.25,84,525,33,84-525-33,8453I,8.4,0.525
42.125,-1,84,525,33,84-525-33,8453I,8.4,0.525
42.125,-0.75,83,500,33,83-500-33,8350I,8.3,0.5
42.125,-0.5,83,500,33,83-500-33,8350I,8.3,0.5
42.125,-0.25,82,500,33,82-500-33,8250I,8.2,0.5
42.25,-6.5,94,550,33,94-550-33,9455I,9.4,0.55
42.25,-6.25,94,550,33,94-550-33,9455I,9.4,0.55
42.25,-6,93,550,33,93-550-33,9355I,9.3,0.55
42.25,-5.75,93,550,33,93-550-33,9355I,9.3,0.55
42.25,-5.5,92,550,33,92-550-33,9255I,9.2,0.55
42.25,-5.25,92,550,33,92-550-33,9255I,9.2,0.55
42.25,-5,91,550,33,91-550-33,9155I,9.1,0.55
42.25,-4.75,91,550,33,91-550-33,9155I,9.1,0.55
42.25,-4.5,90,550,33,90-550-33,9055I,9,0.55
42.25,-4.25,90,550,33,90-550-33,9055I,9,0.55
42.25,-4,89,525,33,89-525-33,8953I,8.9,0.525
42.25,-3.75,89,525,33,89-525-33,8953I,8.9,0.525
42.25,-3.5,88,525,33,88-525-33,8853I,8.8,0.525
42.25,-3.25,88,525,33,88-525-33,8853I,8.8,0.525
42.25,-3,87,525,33,87-525-33,8753I,8.7,0.525
42.25,-2.75,87,525,33,87-525-33,8753I,8.7,0.525
42.25,-2.5,86,525,33,86-525-33,8653I,8.6,0.525
42.25,-2.25,86,525,33,86-525-33,8653I,8.6,0.525
42.25,-2,85,525,33,85-525-33,8553I,8.5,0.525
42.25,-1.75,85,525,33,85-525-33,8553I,8.5,0.525
42.25,-1.5,84,525,33,84-525-33,8453I,8.4,0.525
42.25,-1.25,84,525,33,84-525-33,8453I,8.4,0.525
42.25,-1,83,525,33,83-525-33,8353I,8.3,0.525
42.25,-0.75,83,525,33,83-525-33,8353I,8.3,0.525
42.25,-0.5,82,500,33,82-500-33,8250I,8.2,0.5
42.25,-0.25,82,500,33,82-500-33,8250I,8.2,0.5
42.375,-6.5,94,550,33,94-550-33,9455I,9.4,0.55
42.375,-6.25,94,550,33,94-550-33,9455I,9.4,0.55
42.375,-6,93,550,33,93-550-33,9355I,9.3,0.55
42.375,-5.75,93,550,33,93-550-33,9355I,9.3,0.55
42.375,-5.5,92,550,33,92-550-33,9255I,9.2,0.55
42.375,-5.25,92,550,33,92-550-33,9255I,9.2,0.55
42.375,-5,91,550,33,91-550-33,9155I,9.1,0.55
42.375,-4.75,91,550,33,91-550-33,9155I,9.1,0.55
42.375,-4.5,90,550,33,90-550-33,9055I,9,0.55
42.375,-4.25,90,550,33,90-550-33,9055I,9,0.55
42.375,-4,89,550,33,89-550-33,8955I,8.9,0.55
42.375,-3.75,89,525,33,89-525-33,8953I,8.9,0.525
42.375,-3.5,88,525,33,88-525-33,8853I,8.8,0.525
42.375,-3.25,88,525,33,88-525-33,8853I,8.8,0.525
42.375,-3,87,525,33,87-525-33,8753I,8.7,0.525
42.375,-2.75,87,525,33,87-525-33,8753I,8.7,0.525
42.375,-2.5,86,525,33,86-525-33,8653I,8.6,0.525
42.375,-2.25,86,525,33,86-525-33,8653I,8.6,0.525
42.375,-2,85,525,33,85-525-33,8553I,8.5,0.525
42.375,-1.75,85,525,33,85-525-33,8553I,8.5,0.525
42.375,-1.5,84,525,33,84-525-33,8453I,8.4,0.525
42.375,-1.25,84,525,33,84-525-33,8453I,8.4,0.525
42.375,-1,83,525,33,83-525-33,8353I,8.3,0.525
42.375,-0.75,83,525,33,83-525-33,8353I,8.3,0.525
42.375,-0.5,82,500,33,82-500-33,8250I,8.2,0.5
42.375,-0.25,82,500,33,82-500-33,8250I,8.2,0.5
42.5,-6.5,94,550,33,94-550-33,9455I,9.4,0.55
42.5,-6.25,93,550,33,93-550-33,9355I,9.3,0.55
42.5,-6,93,550,33,93-550-33,9355I,9.3,0.55
42.5,-5.75,92,550,33,92-550-33,9255I,9.2,0.55
42.5,-5.5,92,550,33,92-550-33,9255I,9.2,0.55
42.5,-5.25,91,550,33,91-550-33,9155I,9.1,0.55
42.5,-5,91,550,33,91-550-33,9155I,9.1,0.55
42.5,-4.75,90,550,33,90-550-33,9055I,9,0.55
42.5,-4.5,90,550,33,90-550-33,9055I,9,0.55
42.5,-4.25,89,550,33,89-550-33,8955I,8.9,0.55
42.5,-4,89,550,33,89-550-33,8955I,8.9,0.55
42.5,-3.75,88,525,33,88-525-33,8853I,8.8,0.525
42.5,-3.5,88,525,33,88-525-33,8853I,8.8,0.525
42.5,-3.25,87,525,33,87-525-33,8753I,8.7,0.525
42.5,-3,87,525,33,87-525-33,8753I,8.7,0.525
42.5,-2.75,86,525,33,86-525-33,8653I,8.6,0.525
42.5,-2.5,86,525,33,86-525-33,8653I,8.6,0.525
42.5,-2.25,85,525,33,85-525-33,8553I,8.5,0.525
42.5,-2,85,525,33,85-525-33,8553I,8.5,0.525
42.5,-1.75,84,525,33,84-525-33,8453I,8.4,0.525
42.5,-1.5,84,525,33,84-525-33,8453I,8.4,0.525
42.5,-1.25,83,525,33,83-525-33,8353I,8.3,0.525
42.5,-1,83,525,33,83-525-33,8353I,8.3,0.525
42.5,-0.75,82,525,33,82-525-33,8253I,8.2,0.525
42.5,-0.5,82,525,33,82-525-33,8253I,8.2,0.525
42.5,-0.25,81,500,33,81-500-33,8150I,8.1,0.5
42.625,-6.5,94,550,33,94-550-33,9455I,9.4,0.55
42.625,-6.25,93,550,33,93-550-33,9355I,9.3,0.55
42.625,-6,93,550,33,93-550-33,9355I,9.3,0.55
42.625,-5.75,92,550,33,92-550-33,9255I,9.2,0.55
42.625,-5.5,92,550,33,92-550-33,9255I,9.2,0.55
42.625,-5.25,91,550,33,91-550-33,9155I,9.1,0.55
42.625,-5,91,550,33,91-550-33,9155I,9.1,0.55
42.625,-4.75,90,550,33,90-550-33,9055I,9,0.55
42.625,-4.5,90,550,33,90-550-33,9055I,9,0.55
42.625,-4.25,89,550,33,89-550-33,8955I,8.9,0.55
42.625,-4,89,550,33,89-550-33,8955I,8.9,0.55
42.625,-3.75,88,550,33,88-550-33,8855I,8.8,0.55
42.625,-3.5,88,525,33,88-525-33,8853I,8.8,0.525
42.625,-3.25,87,525,33,87-525-33,8753I,8.7,0.525
42.625,-3,87,525,33,87-525-33,8753I,8.7,0.525
42.625,-2.75,86,525,33,86-525-33,8653I,8.6,0.525
42.625,-2.5,86,525,33,86-525-33,8653I,8.6,0.525
42.625,-2.25,85,525,33,85-525-33,8553I,8.5,0.525
42.625,-2,85,525,33,85-525-33,8553I,8.5,0.525
42.625,-1.75,84,525,33,84-525-33,8453I,8.4,0.525
42.625,-1.5,84,525,33,84-525-33,8453I,8.4,0.525
42.625,-1.25,83,525,33,83-525-33,8353I,8.3,0.525
42.625,-1,83,525,33,83-525-33,8353I,8.3,0.525
42.625,-0.75,82,525,33,82-525-33,8253I,8.2,0.525
42.625,-0.5,82,525,33,82-525-33,8253I,8.2,0.525
42.625,-0.25,81,500,33,81-500-33,8150I,8.1,0.5
42.75,-6.5,93,550,33,93-550-33,9355I,9.3,0.55
42.75,-6.25,93,550,33,93-550-33,9355I,9.3,0.55
42.75,-6,92,550,33,92-550-33,9255I,9.2,0.55
42.75,-5.75,92,550,33,92-550-33,9255I,9.2,0.55
42.75,-5.5,91,550,33,91-550-33,9155I,9.1,0.55
42.75,-5.25,91,550,33,91-550-33,9155I,9.1,0.55
42.75,-5,90,550,33,90-550-33,9055I,9,0.55
42.75,-4.75,90,550,33,90-550-33,9055I,9,0.55
42.75,-4.5,89,550,33,89-550-33,8955I,8.9,0.55
42.75,-4.25,89,550,33,89-550-33,8955I,8.9,0.55
42.75,-4,88,550,33,88-550-33,8855I,8.8,0.55
42.75,-3.75,88,550,33,88-550-33,8855I,8.8,0.55
42.75,-3.5,87,525,33,87-525-33,8753I,8.7,0.525
42.75,-3.25,87,525,33,87-525-33,8753I,8.7,0.525
42.75,-3,86,525,33,86-525-33,8653I,8.6,0.525
42.75,-2.75,86,525,33,86-525-33,8653I,8.6,0.525
42.75,-2.5,85,525,33,85-525-33,8553I,8.5,0.525
42.75,-2.25,85,525,33,85-525-33,8553I,8.5,0.525
42.75,-2,84,525,33,84-525-33,8453I,8.4,0.525
42.75,-1.75,84,525,33,84-525-33,8453I,8.4,0.525
42.75,-1.5,83,525,33,83-525-33,8353I,8.3,0.525
42.75,-1.25,83,525,33,83-525-33,8353I,8.3,0.525
42.75,-1,82,525,33,82-525-33,8253I,8.2,0.525
42.75,-0.75,82,525,33,82-525-33,8253I,8.2,0.525
42.75,-0.5,81,525,33,81-525-33,8153I,8.1,0.525
42.75,-0.25,81,525,33,81-525-33,8153I,8.1,0.525
42.875,-6.5,93,550,33,93-550-33,9355I,9.3,0.55
42.875,-6.25,93,550,33,93-550-33,9355I,9.3,0.55
42.875,-6,92,550,33,92-550-33,9255I,9.2,0.55
42.875,-5.75,92,550,33,92-550-33,9255I,9.2,0.55
42.875,-5.5,91,550,33,91-550-33,9155I,9.1,0.55
42.875,-5.25,91,550,33,91-550-33,9155I,9.1,0.55
42.875,-5,90,550,33,90-550-33,9055I,9,0.55
42.875,-4.75,90,550,33,90-550-33,9055I,9,0.55
42.875,-4.5,89,550,33,89-550-33,8955I,8.9,0.55
42.875,-4.25,89,550,33,89-550-33,8955I,8.9,0.55
42.875,-4,88,550,33,88-550-33,8855I,8.8,0.55
42.875,-3.75,88,550,33,88-550-33,8855I,8.8,0.55
42.875,-3.5,87,550,33,87-550-33,8755I,8.7,0.55
42.875,-3.25,87,525,33,87-525-33,8753I,8.7,0.525
42.875,-3,86,525,33,86-525-33,8653I,8.6,0.525
42.875,-2.75,86,525,33,86-525-33,8653I,8.6,0.525
42.875,-2.5,85,525,33,85-525-33,8553I,8.5,0.525
42.875,-2.25,85,525,33,85-525-33,8553I,8.5,0.525
42.875,-2,84,525,33,84-525-33,8453I,8.4,0.525
42.875,-1.75,84,525,33,84-525-33,8453I,8.4,0.525
42.875,-1.5,83,525,33,83-525-33,8353I,8.3,0.525
42.875,-1.25,83,525,33,83-525-33,8353I,8.3,0.525
42.875,-1,82,525,33,82-525-33,8253I,8.2,0.525
42.875,-0.75,82,525,33,82-525-33,8253I,8.2,0.525
42.875,-0.5,81,525,33,81-525-33,8153I,8.1,0.525
42.875,-0.25,80,525,33,80-525-33,8053I,8,0.525
43,-6.5,93,550,33,93-550-33,9355I,9.3,0.55
43,-6.25,92,550,33,92-550-33,9255I,9.2,0.55
43,-6,92,550,33,92-550-33,9255I,9.2,0.55
43,-5.75,91,550,33,91-550-33,9155I,9.1,0.55
43,-5.5,91,550,33,91-550-33,9155I,9.1,0.55
43,-5.25,90,550,33,90-550-33,9055I,9,0.55
43,-5,90,550,33,90-550-33,9055I,9,0.55
43,-4.75,89,550,33,89-550-33,8955I,8.9,0.55
43,-4.5,89,550,33,89-550-33,8955I,8.9,0.55
43,-4.25,88,550,33,88-550-33,8855I,8.8,0.55
43,-4,88,550,33,88-550-33,8855I,8.8,0.55
43,-3.75,87,550,33,87-550-33,8755I,8.7,0.55
43,-3.5,87,550,33,87-550-33,8755I,8.7,0.55
43,-3.25,86,525,33,86-525-33,8653I,8.6,0.525
43,-3,86,525,33,86-525-33,8653I,8.6,0.525
43,-2.75,85,525,33,85-525-33,8553I,8.5,0.525
43,-2.5,85,525,33,85-525-33,8553I,8.5,0.525
43,-2.25,84,525,33,84-525-33,8453I,8.4,0.525
43,-2,84,525,33,84-525-33,8453I,8.4,0.525
43,-1.75,83,525,33,83-525-33,8353I,8.3,0.525
43,-1.5,83,525,33,83-525-33,8353I,8.3,0.525
43,-1.25,82,525,33,82-525-33,8253I,8.2,0.525
43,-1,82,525,33,82-525-33,8253I,8.2,0.525
43,-0.75,81,525,33,81-525-33,8153I,8.1,0.525
43,-0.5,81,525,33,81-525-33,8153I,8.1,0.525
43,-0.25,80,525,33,80-525-33,8053I,8,0.525
43.125,-6.5,93,550,33,93-550-33,9355I,9.3,0.55
43.125,-6.25,92,550,33,92-550-33,9255I,9.2,0.55
43.125,-6,92,550,33,92-550-33,9255I,9.2,0.55
43.125,-5.75,91,550,33,91-550-33,9155I,9.1,0.55
43.125,-5.5,91,550,33,91-550-33,9155I,9.1,0.55
43.125,-5.25,90,550,33,90-550-33,9055I,9,0.55
43.125,-5,90,550,33,90-550-33,9055I,9,0.55
43.125,-4.75,89,550,33,89-550-33,8955I,8.9,0.55
43.125,-4.5,89,550,33,89-550-33,8955I,8.9,0.55
43.125,-4.25,88,550,33,88-550-33,8855I,8.8,0.55
43.125,-4,88,550,33,88-550-33,8855I,8.8,0.55
43.125,-3.75,87,550,33,87-550-33,8755I,8.7,0.55
43.125,-3.5,87,550,33,87-550-33,8755I,8.7,0.55
43.125,-3.25,86,550,33,86-550-33,8655I,8.6,0.55
43.125,-3,86,525,33,86-525-33,8653I,8.6,0.525
43.125,-2.75,85,525,33,85-525-33,8553I,8.5,0.525
43.125,-2.5,85,525,33,85-525-33,8553I,8.5,0.525
43.125,-2.25,84,525,33,84-525-33,8453I,8.4,0.525
43.125,-2,84,525,33,84-525-33,8453I,8.4,0.525
43.125,-1.75,83,525,33,83-525-33,8353I,8.3,0.525
43.125,-1.5,83,525,33,83-525-33,8353I,8.3,0.525
43.125,-1.25,82,525,33,82-525-33,8253I,8.2,0.525
43.125,-1,82,525,33,82-525-33,8253I,8.2,0.525
43.125,-0.75,81,525,33,81-525-33,8153I,8.1,0.525
43.125,-0.5,80,525,33,80-525-33,8053I,8,0.525
43.125,-0.25,80,525,33,80-525-33,8053I,8,0.525
43.25,-6.5,92,575,33,92-575-33,9258I,9.2,0.575
43.25,-6.25,92,550,33,92-550-33,9255I,9.2,0.55
43.25,-6,91,550,33,91-550-33,9155I,9.1,0.55
43.25,-5.75,91,550,33,91-550-33,9155I,9.1,0.55
43.25,-5.5,90,550,33,90-550-33,9055I,9,0.55
43.25,-5.25,90,550,33,90-550-33,9055I,9,0.55
43.25,-5,89,550,33,89-550-33,8955I,8.9,0.55
43.25,-4.75,89,550,33,89-550-33,8955I,8.9,0.55
43.25,-4.5,88,550,33,88-550-33,8855I,8.8,0.55
43.25,-4.25,88,550,33,88-550-33,8855I,8.8,0.55
43.25,-4,87,550,33,87-550-33,8755I,8.7,0.55
43.25,-3.75,87,550,33,87-550-33,8755I,8.7,0.55
43.25,-3.5,86,550,33,86-550-33,8655I,8.6,0.55
43.25,-3.25,86,550,33,86-550-33,8655I,8.6,0.55
43.25,-3,85,525,33,85-525-33,8553I,8.5,0.525
43.25,-2.75,85,525,33,85-525-33,8553I,8.5,0.525
43.25,-2.5,84,525,33,84-525-33,8453I,8.4,0.525
43.25,-2.25,84,525,33,84-525-33,8453I,8.4,0.525
43.25,-2,83,525,33,83-525-33,8353I,8.3,0.525
43.25,-1.75,83,525,33,83-525-33,8353I,8.3,0.525
43.25,-1.5,82,525,33,82-525-33,8253I,8.2,0.525
43.25,-1.25,82,525,33,82-525-33,8253I,8.2,0.525
43.25,-1,81,525,33,81-525-33,8153I,8.1,0.525
43.25,-0.75,81,525,33,81-525-33,8153I,8.1,0.525
43.25,-0.5,80,525,33,80-525-33,8053I,8,0.525
43.25,-0.25,80,525,33,80-525-33,8053I,8,0.525
43.375,-6.5,92,575,33,92-575-33,9258I,9.2,0.575
43.375,-6.25,92,550,33,92-550-33,9255I,9.2,0.55
43.375,-6,91,550,33,91-550-33,9155I,9.1,0.55
43.375,-5.75,91,550,33,91-550-33,9155I,9.1,0.55
43.375,-5.5,90,550,33,90-550-33,9055I,9,0.55
43.375,-5.25,90,550,33,90-550-33,9055I,9,0.55
43.375,-5,89,550,33,89-550-33,8955I,8.9,0.55
43.375,-4.75,89,550,33,89-550-33,8955I,8.9,0.55
43.375,-4.5,88,550,33,88-550-33,8855I,8.8,0.55
43.375,-4.25,88,550,33,88-550-33,8855I,8.8,0.55
43.375,-4,87,550,33,87-550-33,8755I,8.7,0.55
43.375,-3.75,87,550,33,87-550-33,8755I,8.7,0.55
43.375,-3.5,86,550,33,86-550-33,8655I,8.6,0.55
43.375,-3.25,86,550,33,86-550-33,8655I,8.6,0.55
43.375,-3,85,550,33,85-550-33,8555I,8.5,0.55
43.375,-2.75,85,525,33,85-525-33,8553I,8.5,0.525
43.375,-2.5,84,525,33,84-525-33,8453I,8.4,0.525
43.375,-2.25,84,525,33,84-525-33,8453I,8.4,0.525
43.375,-2,83,525,33,83-525-33,8353I,8.3,0.525
43.375,-1.75,83,525,33,83-525-33,8353I,8.3,0.525
43.375,-1.5,82,525,33,82-525-33,8253I,8.2,0.525
43.375,-1.25,82,525,33,82-525-33,8253I,8.2,0.525
43.375,-1,81,525,33,81-525-33,8153I,8.1,0.525
43.375,-0.75,80,525,33,80-525-33,8053I,8,0.525
43.375,-0.5,80,525,33,80-525-33,8053I,8,0.525
43.375,-0.25,79,525,33,79-525-33,7953I,7.9,0.525
43.5,-6.5,92,575,33,92-575-33,9258I,9.2,0.575
43.5,-6.25,91,575,33,91-575-33,9158I,9.1,0.575
43.5,-6,91,550,33,91-550-33,9155I,9.1,0.55
43.5,-5.75,90,550,33,90-550-33,9055I,9,0.55
43.5,-5.5,90,550,33,90-550-33,9055I,9,0.55
43.5,-5.25,89,550,33,89-550-33,8955I,8.9,0.55
43.5,-5,89,550,33,89-550-33,8955I,8.9,0.55
43.5,-4.75,88,550,33,88-550-33,8855I,8.8,0.55
43.5,-4.5,88,550,33,88-550-33,8855I,8.8,0.55
43.5,-4.25,87,550,33,87-550-33,8755I,8.7,0.55
43.5,-4,87,550,33,87-550-33,8755I,8.7,0.55
43.5,-3.75,86,550,33,86-550-33,8655I,8.6,0.55
43.5,-3.5,86,550,33,86-550-33,8655I,8.6,0.55
43.5,-3.25,85,550,33,85-550-33,8555I,8.5,0.55
43.5,-3,85,550,33,85-550-33,8555I,8.5,0.55
43.5,-2.75,84,525,33,84-525-33,8453I,8.4,0.525
43.5,-2.5,84,525,33,84-525-33,8453I,8.4,0.525
43.5,-2.25,83,525,33,83-525-33,8353I,8.3,0.525
43.5,-2,83,525,33,83-525-33,8353I,8.3,0.525
43.5,-1.75,82,525,33,82-525-33,8253I,8.2,0.525
43.5,-1.5,82,525,33,82-525-33,8253I,8.2,0.525
43.5,-1.25,81,525,33,81-525-33,8153I,8.1,0.525
43.5,-1,81,525,33,81-525-33,8153I,8.1,0.525
43.5,-0.75,80,525,33,80-525-33,8053I,8,0.525
43.5,-0.5,80,525,33,80-525-33,8053I,8,0.525
43.5,-0.25,79,525,33,79-525-33,7953I,7.9,0.525
43.625,-6.5,92,575,33,92-575-33,9258I,9.2,0.575
43.625,-6.25,91,575,33,91-575-33,9158I,9.1,0.575
43.625,-6,91,550,33,91-550-33,9155I,9.1,0.55
43.625,-5.75,90,550,33,90-550-33,9055I,9,0.55
43.625,-5.5,90,550,33,90-550-33,9055I,9,0.55
43.625,-5.25,89,550,33,89-550-33,8955I,8.9,0.55
43.625,-5,89,550,33,89-550-33,8955I,8.9,0.55
43.625,-4.75,88,550,33,88-550-33,8855I,8.8,0.55
43.625,-4.5,88,550,33,88-550-33,8855I,8.8,0.55
43.625,-4.25,87,550,33,87-550-33,8755I,8.7,0.55
43.625,-4,87,550,33,87-550-33,8755I,8.7,0.55
43.625,-3.75,86,550,33,86-550-33,8655I,8.6,0.55
43.625,-3.5,86,550,33,86-550-33,8655I,8.6,0.55
43.625,-3.25,85,550,33,85-550-33,8555I,8.5,0.55
43.625,-3,85,550,33,85-550-33,8555I,8.5,0.55
43.625,-2.75,84,550,33,84-550-33,8455I,8.4,0.55
43.625,-2.5,84,525,33,84-525-33,8453I,8.4,0.525
43.625,-2.25,83,525,33,83-525-33,8353I,8.3,0.525
43.625,-2,83,525,33,83-525-33,8353I,8.3,0.525
43.625,-1.75,82,525,33,82-525-33,8253I,8.2,0.525
43.625,-1.5,82,525,33,82-525-33,8253I,8.2,0.525
43.625,-1.25,81,525,33,81-525-33,8153I,8.1,0.525
43.625,-1,80,525,33,80-525-33,8053I,8,0.525
43.625,-0.75,80,525,33,80-525-33,8053I,8,0.525
43.625,-0.5,79,525,33,79-525-33,7953I,7.9,0.525
43.625,-0.25,79,525,33,79-525-33,7953I,7.9,0.525
43.75,-6.5,91,575,33,91-575-33,9158I,9.1,0.575
43.75,-6.25,91,575,33,91-575-33,9158I,9.1,0.575
43.75,-6,90,575,33,90-575-33,9058I,9,0.575
43.75,-5.75,90,550,33,90-550-33,9055I,9,0.55
43.75,-5.5,89,550,33,89-550-33,8955I,8.9,0.55
43.75,-5.25,89,550,33,89-550-33,8955I,8.9,0.55
43.75,-5,88,550,33,88-550-33,8855I,8.8,0.55
43.75,-4.75,88,550,33,88-550-33,8855I,8.8,0.55
43.75,-4.5,87,550,33,87-550-33,8755I,8.7,0.55
43.75,-4.25,87,550,33,87-550-33,8755I,8.7,0.55
43.75,-4,86,550,33,86-550-33,8655I,8.6,0.55
43.75,-3.75,86,550,33,86-550-33,8655I,8.6,0.55
43.75,-3.5,85,550,33,85-550-33,8555I,8.5,0.55
43.75,-3.25,85,550,33,85-550-33,8555I,8.5,0.55
43.75,-3,84,550,33,84-550-33,8455I,8.4,0.55
43.75,-2.75,84,550,33,84-550-33,8455I,8.4,0.55
43.75,-2.5,83,525,33,83-525-33,8353I,8.3,0.525
43.75,-2.25,83,525,33,83-525-33,8353I,8.3,0.525
43.75,-2,82,525,33,82-525-33,8253I,8.2,0.525
43.75,-1.75,82,525,33,82-525-33,8253I,8.2,0.525
43.75,-1.5,81,525,33,81-525-33,8153I,8.1,0.525
43.75,-1.25,81,525,33,81-525-33,8153I,8.1,0.525
43.75,-1,80,525,33,80-525-33,8053I,8,0.525
43.75,-0.75,80,525,33,80-525-33,8053I,8,0.525
43.75,-0.5,79,525,33,79-525-33,7953I,7.9,0.525
43.75,-0.25,79,525,33,79-525-33,7953I,7.9,0.525
43.875,-6.5,91,575,33,91-575-33,9158I,9.1,0.575
43.875,-6.25,91,575,33,91-575-33,9158I,9.1,0.575
43.875,-6,90,575,33,90-575-33,9058I,9,0.575
43.875,-5.75,90,550,33,90-550-33,9055I,9,0.55
43.875,-5.5,89,550,33,89-550-33,8955I,8.9,0.55
43.875,-5.25,89,550,33,89-550-33,8955I,8.9,0.55
43.875,-5,88,550,33,88-550-33,8855I,8.8,0.55
43.875,-4.75,88,550,33,88-550-33,8855I,8.8,0.55
43.875,-4.5,87,550,33,87-550-33,8755I,8.7,0.55
43.875,-4.25,87,550,33,87-550-33,8755I,8.7,0.55
43.875,-4,86,550,33,86-550-33,8655I,8.6,0.55
43.875,-3.75,86,550,33,86-550-33,8655I,8.6,0.55
43.875,-3.5,85,550,33,85-550-33,8555I,8.5,0.55
43.875,-3.25,85,550,33,85-550-33,8555I,8.5,0.55
43.875,-3,84,550,33,84-550-33,8455I,8.4,0.55
43.875,-2.75,84,550,33,84-550-33,8455I,8.4,0.55
43.875,-2.5,83,550,33,83-550-33,8355I,8.3,0.55
43.875,-2.25,83,525,33,83-525-33,8353I,8.3,0.525
43.875,-2,82,525,33,82-525-33,8253I,8.2,0.525
43.875,-1.75,82,525,33,82-525-33,8253I,8.2,0.525
43.875,-1.5,81,525,33,81-525-33,8153I,8.1,0.525
43.875,-1.25,80,525,33,80-525-33,8053I,8,0.525
43.875,-1,80,525,33,80-525-33,8053I,8,0.525
43.875,-0.75,79,525,33,79-525-33,7953I,7.9,0.525
43.875,-0.5,79,525,33,79-525-33,7953I,7.9,0.525
43.875,-0.25,78,525,33,78-525-33,7853I,7.8,0.525
44,-6.5,91,575,33,91-575-33,9158I,9.1,0.575
44,-6.25,90,575,33,90-575-33,9058I,9,0.575
44,-6,90,575,33,90-575-33,9058I,9,0.575
44,-5.75,89,575,33,89-575-33,8958I,8.9,0.575
44,-5.5,89,550,33,89-550-33,8955I,8.9,0.55
44,-5.25,88,550,33,88-550-33,8855I,8.8,0.55
44,-5,88,550,33,88-550-33,8855I,8.8,0.55
44,-4.75,87,550,33,87-550-33,8755I,8.7,0.55
44,-4.5,87,550,33,87-550-33,8755I,8.7,0.55
44,-4.25,86,550,33,86-550-33,8655I,8.6,0.55
44,-4,86,550,33,86-550-33,8655I,8.6,0.55
44,-3.75,85,550,33,85-550-33,8555I,8.5,0.55
44,-3.5,85,550,33,85-550-33,8555I,8.5,0.55
44,-3.25,84,550,33,84-550-33,8455I,8.4,0.55
44,-3,84,550,33,84-550-33,8455I,8.4,0.55
44,-2.75,83,550,33,83-550-33,8355I,8.3,0.55
44,-2.5,83,550,33,83-550-33,8355I,8.3,0.55
44,-2.25,82,525,33,82-525-33,8253I,8.2,0.525
44,-2,82,525,33,82-525-33,8253I,8.2,0.525
44,-1.75,81,525,33,81-525-33,8153I,8.1,0.525
44,-1.5,81,525,33,81-525-33,8153I,8.1,0.525
44,-1.25,80,525,33,80-525-33,8053I,8,0.525
44,-1,80,525,33,80-525-33,8053I,8,0.525
44,-0.75,79,525,33,79-525-33,7953I,7.9,0.525
44,-0.5,79,525,33,79-525-33,7953I,7.9,0.525
44,-0.25,78,525,33,78-525-33,7853I,7.8,0.525
44.125,-6.5,91,575,33,91-575-33,9158I,9.1,0.575
44.125,-6.25,90,575,33,90-575-33,9058I,9,0.575
44.125,-6,90,575,33,90-575-33,9058I,9,0.575
44.125,-5.75,89,575,33,89-575-33,8958I,8.9,0.575
44.125,-5.5,89,550,33,89-550-33,8955I,8.9,0.55
44.125,-5.25,88,550,33,88-550-33,8855I,8.8,0.55
44.125,-5,88,550,33,88-550-33,8855I,8.8,0.55
44.125,-4.75,87,550,33,87-550-33,8755I,8.7,0.55
44.125,-4.5,87,550,33,87-550-33,8755I,8.7,0.55
44.125,-4.25,86,550,33,86-550-33,8655I,8.6,0.55
44.125,-4,86,550,33,86-550-33,8655I,8.6,0.55
44.125,-3.75,85,550,33,85-550-33,8555I,8.5,0.55
44.125,-3.5,85,550,33,85-550-33,8555I,8.5,0.55
44.125,-3.25,84,550,33,84-550-33,8455I,8.4,0.55
44.125,-3,84,550,33,84-550-33,8455I,8.4,0.55
44.125,-2.75,83,550,33,83-550-33,8355I,8.3,0.55
44.125,-2.5,83,550,33,83-550-33,8355I,8.3,0.55
44.125,-2.25,82,550,33,82-550-33,8255I,8.2,0.55
44.125,-2,82,525,33,82-525-33,8253I,8.2,0.525
44.125,-1.75,81,525,33,81-525-33,8153I,8.1,0.525
44.125,-1.5,80,525,33,80-525-33,8053I,8,0.525
44.125,-1.25,80,525,33,80-525-33,8053I,8,0.525
44.125,-1,79,525,33,79-525-33,7953I,7.9,0.525
44.125,-0.75,79,525,33,79-525-33,7953I,7.9,0.525
44.125,-0.5,78,525,33,78-525-33,7853I,7.8,0.525
44.125,-0.25,78,525,33,78-525-33,7853I,7.8,0.525
44.25,-6.5,90,575,34,90-575-34,9058K,9,0.575
44.25,-6.25,90,575,34,90-575-34,9058K,9,0.575
44.25,-6,89,575,34,89-575-34,8958K,8.9,0.575
44.25,-5.75,89,575,34,89-575-34,8958K,8.9,0.575
44.25,-5.5,88,575,34,88-575-34,8858K,8.8,0.575
44.25,-5.25,88,550,34,88-550-34,8855K,8.8,0.55
44.25,-5,87,550,34,87-550-34,8755K,8.7,0.55
44.25,-4.75,87,550,34,87-550-34,8755K,8.7,0.55
44.25,-4.5,86,550,34,86-550-34,8655K,8.6,0.55
44.25,-4.25,86,550,34,86-550-34,8655K,8.6,0.55
44.25,-4,85,550,34,85-550-34,8555K,8.5,0.55
44.25,-3.75,85,550,34,85-550-34,8555K,8.5,0.55
44.25,-3.5,84,550,34,84-550-34,8455K,8.4,0.55
44.25,-3.25,84,550,34,84-550-34,8455K,8.4,0.55
44.25,-3,83,550,34,83-550-34,8355K,8.3,0.55
44.25,-2.75,83,550,34,83-550-34,8355K,8.3,0.55
44.25,-2.5,82,550,34,82-550-34,8255K,8.2,0.55
44.25,-2.25,82,550,34,82-550-34,8255K,8.2,0.55
44.25,-2,81,525,34,81-525-34,8153K,8.1,0.525
44.25,-1.75,81,525,34,81-525-34,8153K,8.1,0.525
44.25,-1.5,80,525,34,80-525-34,8053K,8,0.525
44.25,-1.25,80,525,34,80-525-34,8053K,8,0.525
44.25,-1,79,525,34,79-525-34,7953K,7.9,0.525
44.25,-0.75,79,525,34,79-525-34,7953K,7.9,0.525
44.25,-0.5,78,525,34,78-525-34,7853K,7.8,0.525
44.25,-0.25,78,525,34,78-525-34,7853K,7.8,0.525
44.375,-6.5,90,575,34,90-575-34,9058K,9,0.575
44.375,-6.25,90,575,34,90-575-34,9058K,9,0.575
44.375,-6,89,575,34,89-575-34,8958K,8.9,0.575
44.375,-5.75,89,575,34,89-575-34,8958K,8.9,0.575
44.375,-5.5,88,575,34,88-575-34,8858K,8.8,0.575
44.375,-5.25,88,550,34,88-550-34,8855K,8.8,0.55
44.375,-5,87,550,34,87-550-34,8755K,8.7,0.55
44.375,-4.75,87,550,34,87-550-34,8755K,8.7,0.55
44.375,-4.5,86,550,34,86-550-34,8655K,8.6,0.55
44.375,-4.25,86,550,34,86-550-34,8655K,8.6,0.55
44.375,-4,85,550,34,85-550-34,8555K,8.5,0.55
44.375,-3.75,85,550,34,85-550-34,8555K,8.5,0.55
44.375,-3.5,84,550,34,84-550-34,8455K,8.4,0.55
44.375,-3.25,84,550,34,84-550-34,8455K,8.4,0.55
44.375,-3,83,550,34,83-550-34,8355K,8.3,0.55
44.375,-2.75,83,550,34,83-550-34,8355K,8.3,0.55
44.375,-2.5,82,550,34,82-550-34,8255K,8.2,0.55
44.375,-2.25,82,550,34,82-550-34,8255K,8.2,0.55
44.375,-2,81,550,34,81-550-34,8155K,8.1,0.55
44.375,-1.75,80,525,34,80-525-34,8053K,8,0.525
44.375,-1.5,80,525,34,80-525-34,8053K,8,0.525
44.375,-1.25,79,525,34,79-525-34,7953K,7.9,0.525
44.375,-1,79,525,34,79-525-34,7953K,7.9,0.525
44.375,-0.75,78,525,34,78-525-34,7853K,7.8,0.525
44.375,-0.5,78,525,34,78-525-34,7853K,7.8,0.525
44.375,-0.25,77,525,34,77-525-34,7753K,7.7,0.525
44.5,-6.5,90,575,34,90-575-34,9058K,9,0.575
44.5,-6.25,89,575,34,89-575-34,8958K,8.9,0.575
44.5,-6,89,575,34,89-575-34,8958K,8.9,0.575
44.5,-5.75,88,575,34,88-575-34,8858K,8.8,0.575
44.5,-5.5,88,575,34,88-575-34,8858K,8.8,0.575
44.5,-5.25,87,575,34,87-575-34,8758K,8.7,0.575
44.5,-5,87,550,34,87-550-34,8755K,8.7,0.55
44.5,-4.75,86,550,34,86-550-34,8655K,8.6,0.55
44.5,-4.5,86,550,34,86-550-34,8655K,8.6,0.55
44.5,-4.25,85,550,34,85-550-34,8555K,8.5,0.55
44.5,-4,85,550,34,85-550-34,8555K,8.5,0.55
44.5,-3.75,84,550,34,84-550-34,8455K,8.4,0.55
44.5,-3.5,84,550,34,84-550-34,8455K,8.4,0.55
44.5,-3.25,83,550,34,83-550-34,8355K,8.3,0.55
44.5,-3,83,550,34,83-550-34,8355K,8.3,0.55
44.5,-2.75,82,550,34,82-550-34,8255K,8.2,0.55
44.5,-2.5,82,550,34,82-550-34,8255K,8.2,0.55
44.5,-2.25,81,550,34,81-550-34,8155K,8.1,0.55
44.5,-2,81,550,34,81-550-34,8155K,8.1,0.55
44.5,-1.75,80,525,34,80-525-34,8053K,8,0.525
44.5,-1.5,80,525,34,80-525-34,8053K,8,0.525
44.5,-1.25,79,525,34,79-525-34,7953K,7.9,0.525
44.5,-1,79,525,34,79-525-34,7953K,7.9,0.525
44.5,-0.75,78,525,34,78-525-34,7853K,7.8,0.525
44.5,-0.5,78,525,34,78-525-34,7853K,7.8,0.525
44.5,-0.25,77,525,34,77-525-34,7753K,7.7,0.525
44.625,-6.5,90,575,34,90-575-34,9058K,9,0.575
44.625,-6.25,89,575,34,89-575-34,8958K,8.9,0.575
44.625,-6,89,575,34,89-575-34,8958K,8.9,0.575
44.625,-5.75,88,575,34,88-575-34,8858K,8.8,0.575
44.625,-5.5,88,575,34,88-575-34,8858K,8.8,0.575
44.625,-5.25,87,575,34,87-575-34,8758K,8.7,0.575
44.625,-5,87,550,34,87-550-34,8755K,8.7,0.55
44.625,-4.75,86,550,34,86-550-34,8655K,8.6,0.55
44.625,-4.5,86,550,34,86-550-34,8655K,8.6,0.55
44.625,-4.25,85,550,34,85-550-34,8555K,8.5,0.55
44.625,-4,85,550,34,85-550-34,8555K,8.5,0.55
44.625,-3.75,84,550,34,84-550-34,8455K,8.4,0.55
44.625,-3.5,84,550,34,84-550-34,8455K,8.4,0.55
44.625,-3.25,83,550,34,83-550-34,8355K,8.3,0.55
44.625,-3,83,550,34,83-550-34,8355K,8.3,0.55
44.625,-2.75,82,550,34,82-550-34,8255K,8.2,0.55
44.625,-2.5,82,550,34,82-550-34,8255K,8.2,0.55
44.625,-2.25,81,550,34,81-550-34,8155K,8.1,0.55
44.625,-2,80,550,34,80-550-34,8055K,8,0.55
44.625,-1.75,80,550,34,80-550-34,8055K,8,0.55
44.625,-1.5,79,525,34,79-525-34,7953K,7.9,0.525
44.625,-1.25,79,525,34,79-525-34,7953K,7.9,0.525
44.625,-1,78,525,34,78-525-34,7853K,7.8,0.525
44.625,-0.75,78,525,34,78-525-34,7853K,7.8,0.525
44.625,-0.5,77,525,34,77-525-34,7753K,7.7,0.525
44.625,-0.25,77,525,34,77-525-34,7753K,7.7,0.525
44.75,-6.5,89,575,34,89-575-34,8958K,8.9,0.575
44.75,-6.25,89,575,34,89-575-34,8958K,8.9,0.575
44.75,-6,88,575,34,88-575-34,8858K,8.8,0.575
44.75,-5.75,88,575,34,88-575-34,8858K,8.8,0.575
44.75,-5.5,87,575,34,87-575-34,8758K,8.7,0.575
44.75,-5.25,87,575,34,87-575-34,8758K,8.7,0.575
44.75,-5,86,575,34,86-575-34,8658K,8.6,0.575
44.75,-4.75,86,550,34,86-550-34,8655K,8.6,0.55
44.75,-4.5,85,550,34,85-550-34,8555K,8.5,0.55
44.75,-4.25,85,550,34,85-550-34,8555K,8.5,0.55
44.75,-4,84,550,34,84-550-34,8455K,8.4,0.55
44.75,-3.75,84,550,34,84-550-34,8455K,8.4,0.55
44.75,-3.5,83,550,34,83-550-34,8355K,8.3,0.55
44.75,-3.25,83,550,34,83-550-34,8355K,8.3,0.55
44.75,-3,82,550,34,82-550-34,8255K,8.2,0.55
44.75,-2.75,82,550,34,82-550-34,8255K,8.2,0.55
44.75,-2.5,81,550,34,81-550-34,8155K,8.1,0.55
44.75,-2.25,81,550,34,81-550-34,8155K,8.1,0.55
44.75,-2,80,550,34,80-550-34,8055K,8,0.55
44.75,-1.75,80,550,34,80-550-34,8055K,8,0.55
44.75,-1.5,79,525,34,79-525-34,7953K,7.9,0.525
44.75,-1.25,79,525,34,79-525-34,7953K,7.9,0.525
44.75,-1,78,525,34,78-525-34,7853K,7.8,0.525
44.75,-0.75,78,525,34,78-525-34,7853K,7.8,0.525
44.75,-0.5,77,525,34,77-525-34,7753K,7.7,0.525
44.75,-0.25,77,525,34,77-525-34,7753K,7.7,0.525
44.875,-6.5,89,575,34,89-575-34,8958K,8.9,0.575
44.875,-6.25,89,575,34,89-575-34,8958K,8.9,0.575
44.875,-6,88,575,34,88-575-34,8858K,8.8,0.575
44.875,-5.75,88,575,34,88-575-34,8858K,8.8,0.575
44.875,-5.5,87,575,34,87-575-34,8758K,8.7,0.575
44.875,-5.25,87,575,34,87-575-34,8758K,8.7,0.575
44.875,-5,86,575,34,86-575-34,8658K,8.6,0.575
44.875,-4.75,86,550,34,86-550-34,8655K,8.6,0.55
44.875,-4.5,85,550,34,85-550-34,8555K,8.5,0.55
44.875,-4.25,85,550,34,85-550-34,8555K,8.5,0.55
44.875,-4,84,550,34,84-550-34,8455K,8.4,0.55
44.875,-3.75,84,550,34,84-550-34,8455K,8.4,0.55
44.875,-3.5,83,550,34,83-550-34,8355K,8.3,0.55
44.875,-3.25,83,550,34,83-550-34,8355K,8.3,0.55
44.875,-3,82,550,34,82-550-34,8255K,8.2,0.55
44.875,-2.75,82,550,34,82-550-34,8255K,8.2,0.55
44.875,-2.5,81,550,34,81-550-34,8155K,8.1,0.55
44.875,-2.25,80,550,34,80-550-34,8055K,8,0.55
44.875,-2,80,550,34,80-550-34,8055K,8,0.55
44.875,-1.75,79,550,34,79-550-34,7955K,7.9,0.55
44.875,-1.5,79,550,34,79-550-34,7955K,7.9,0.55
44.875,-1.25,78,525,34,78-525-34,7853K,7.8,0.525
44.875,-1,78,525,34,78-525-34,7853K,7.8,0.525
44.875,-0.75,77,525,34,77-525-34,7753K,7.7,0.525
44.875,-0.5,77,525,34,77-525-34,7753K,7.7,0.525
44.875,-0.25,76,525,34,76-525-34,7653K,7.6,0.525
45,-6.5,89,575,34,89-575-34,8958K,8.9,0.575
45,-6.25,88,575,34,88-575-34,8858K,8.8,0.575
45,-6,88,575,34,88-575-34,8858K,8.8,0.575
45,-5.75,87,575,34,87-575-34,8758K,8.7,0.575
45,-5.5,87,575,34,87-575-34,8758K,8.7,0.575
45,-5.25,86,575,34,86-575-34,8658K,8.6,0.575
45,-5,86,575,34,86-575-34,8658K,8.6,0.575
45,-4.75,85,575,34,85-575-34,8558K,8.5,0.575
45,-4.5,85,550,34,85-550-34,8555K,8.5,0.55
45,-4.25,84,550,34,84-550-34,8455K,8.4,0.55
45,-4,84,550,34,84-550-34,8455K,8.4,0.55
45,-3.75,83,550,34,83-550-34,8355K,8.3,0.55
45,-3.5,83,550,34,83-550-34,8355K,8.3,0.55
45,-3.25,82,550,34,82-550-34,8255K,8.2,0.55
45,-3,82,550,34,82-550-34,8255K,8.2,0.55
45,-2.75,81,550,34,81-550-34,8155K,8.1,0.55
45,-2.5,81,550,34,81-550-34,8155K,8.1,0.55
45,-2.25,80,550,34,80-550-34,8055K,8,0.55
45,-2,80,550,34,80-550-34,8055K,8,0.55
45,-1.75,79,550,34,79-550-34,7955K,7.9,0.55
45,-1.5,79,550,34,79-550-34,7955K,7.9,0.55
45,-1.25,78,525,34,78-525-34,7853K,7.8,0.525
45,-1,78,525,34,78-525-34,7853K,7.8,0.525
45,-0.75,77,525,34,77-525-34,7753K,7.7,0.525
45,-0.5,77,525,34,77-525-34,7753K,7.7,0.525
45,-0.25,76,525,34,76-525-34,7653K,7.6,0.525
45.125,-6.5,89,575,34,89-575-34,8958K,8.9,0.575
45.125,-6.25,88,575,34,88-575-34,8858K,8.8,0.575
45.125,-6,88,575,34,88-575-34,8858K,8.8,0.575
45.125,-5.75,87,575,34,87-575-34,8758K,8.7,0.575
45.125,-5.5,87,575,34,87-575-34,8758K,8.7,0.575
45.125,-5.25,86,575,34,86-575-34,8658K,8.6,0.575
45.125,-5,86,575,34,86-575-34,8658K,8.6,0.575
45.125,-4.75,85,575,34,85-575-34,8558K,8.5,0.575
45.125,-4.5,85,550,34,85-550-34,8555K,8.5,0.55
45.125,-4.25,84,550,34,84-550-34,8455K,8.4,0.55
45.125,-4,84,550,34,84-550-34,8455K,8.4,0.55
45.125,-3.75,83,550,34,83-550-34,8355K,8.3,0.55
45.125,-3.5,83,550,34,83-550-34,8355K,8.3,0.55
45.125,-3.25,82,550,34,82-550-34,8255K,8.2,0.55
45.125,-3,82,550,34,82-550-34,8255K,8.2,0.55
45.125,-2.75,81,550,34,81-550-34,8155K,8.1,0.55
45.125,-2.5,80,550,34,80-550-34,8055K,8,0.55
45.125,-2.25,80,550,34,80-550-34,8055K,8,0.55
45.125,-2,79,550,34,79-550-34,7955K,7.9,0.55
45.125,-1.75,79,550,34,79-550-34,7955K,7.9,0.55
45.125,-1.5,78,550,34,78-550-34,7855K,7.8,0.55
45.125,-1.25,78,550,34,78-550-34,7855K,7.8,0.55
45.125,-1,77,525,34,77-525-34,7753K,7.7,0.525
45.125,-0.75,77,525,34,77-525-34,7753K,7.7,0.525
45.125,-0.5,76,525,34,76-525-34,7653K,7.6,0.525
45.125,-0.25,76,525,34,76-525-34,7653K,7.6,0.525
45.25,-6.5,88,575,34,88-575-34,8858K,8.8,0.575
45.25,-6.25,88,575,34,88-575-34,8858K,8.8,0.575
45.25,-6,87,575,34,87-575-34,8758K,8.7,0.575
45.25,-5.75,87,575,34,87-575-34,8758K,8.7,0.575
45.25,-5.5,86,575,34,86-575-34,8658K,8.6,0.575
45.25,-5.25,86,575,34,86-575-34,8658K,8.6,0.575
45.25,-5,85,575,34,85-575-34,8558K,8.5,0.575
45.25,-4.75,85,575,34,85-575-34,8558K,8.5,0.575
45.25,-4.5,84,575,34,84-575-34,8458K,8.4,0.575
45.25,-4.25,84,550,34,84-550-34,8455K,8.4,0.55
45.25,-4,83,550,34,83-550-34,8355K,8.3,0.55
45.25,-3.75,83,550,34,83-550-34,8355K,8.3,0.55
45.25,-3.5,82,550,34,82-550-34,8255K,8.2,0.55
45.25,-3.25,82,550,34,82-550-34,8255K,8.2,0.55
45.25,-3,81,550,34,81-550-34,8155K,8.1,0.55
45.25,-2.75,81,550,34,81-550-34,8155K,8.1,0.55
45.25,-2.5,80,550,34,80-550-34,8055K,8,0.55
45.25,-2.25,80,550,34,80-550-34,8055K,8,0.55
45.25,-2,79,550,34,79-550-34,7955K,7.9,0.55
45.25,-1.75,79,550,34,79-550-34,7955K,7.9,0.55
45.25,-1.5,78,550,34,78-550-34,7855K,7.8,0.55
45.25,-1.25,78,550,34,78-550-34,7855K,7.8,0.55
45.25,-1,77,525,34,77-525-34,7753K,7.7,0.525
45.25,-0.75,77,525,34,77-525-34,7753K,7.7,0.525
45.25,-0.5,76,525,34,76-525-34,7653K,7.6,0.525
45.25,-0.25,76,525,34,76-525-34,7653K,7.6,0.525
45.375,-6.5,88,575,34,88-575-34,8858K,8.8,0.575
45.375,-6.25,88,575,34,88-575-34,8858K,8.8,0.575
45.375,-6,87,575,34,87-575-34,8758K,8.7,0.575
45.375,-5.75,87,575,34,87-575-34,8758K,8.7,0.575
45.375,-5.5,86,575,34,86-575-34,8658K,8.6,0.575
45.375,-5.25,86,575,34,86-575-34,8658K,8.6,0.575
45.375,-5,85,575,34,85-575-34,8558K,8.5,0.575
45.375,-4.75,85,575,34,85-575-34,8558K,8.5,0.575
45.375,-4.5,84,575,34,84-575-34,8458K,8.4,0.575
45.375,-4.25,84,550,34,84-550-34,8455K,8.4,0.55
45.375,-4,83,550,34,83-550-34,8355K,8.3,0.55
45.375,-3.75,83,550,34,83-550-34,8355K,8.3,0.55
45.375,-3.5,82,550,34,82-550-34,8255K,8.2,0.55
45.375,-3.25,82,550,34,82-550-34,8255K,8.2,0.55
45.375,-3,81,550,34,81-550-34,8155K,8.1,0.55
45.375,-2.75,80,550,34,80-550-34,8055K,8,0.55
45.375,-2.5,80,550,34,80-550-34,8055K,8,0.55
45.375,-2.25,79,550,34,79-550-34,7955K,7.9,0.55
45.375,-2,79,550,34,79-550-34,7955K,7.9,0.55
45.375,-1.75,78,550,34,78-550-34,7855K,7.8,0.55
45.375,-1.5,78,550,34,78-550-34,7855K,7.8,0.55
45.375,-1.25,77,550,34,77-550-34,7755K,7.7,0.55
45.375,-1,77,550,34,77-550-34,7755K,7.7,0.55
45.375,-0.75,76,525,34,76-525-34,7653K,7.6,0.525
45.375,-0.5,76,525,34,76-525-34,7653K,7.6,0.525
45.375,-0.25,75,525,34,75-525-34,7553K,7.5,0.525
45.5,-6.5,88,575,34,88-575-34,8858K,8.8,0.575
45.5,-6.25,87,575,34,87-575-34,8758K,8.7,0.575
45.5,-6,87,575,34,87-575-34,8758K,8.7,0.575
45.5,-5.75,86,575,34,86-575-34,8658K,8.6,0.575
45.5,-5.5,86,575,34,86-575-34,8658K,8.6,0.575
45.5,-5.25,85,575,34,85-575-34,8558K,8.5,0.575
45.5,-5,85,575,34,85-575-34,8558K,8.5,0.575
45.5,-4.75,84,575,34,84-575-34,8458K,8.4,0.575
45.5,-4.5,84,575,34,84-575-34,8458K,8.4,0.575
45.5,-4.25,83,575,34,83-575-34,8358K,8.3,0.575
45.5,-4,83,550,34,83-550-34,8355K,8.3,0.55
45.5,-3.75,82,550,34,82-550-34,8255K,8.2,0.55
45.5,-3.5,82,550,34,82-550-34,8255K,8.2,0.55
45.5,-3.25,81,550,34,81-550-34,8155K,8.1,0.55
45.5,-3,81,550,34,81-550-34,8155K,8.1,0.55
45.5,-2.75,80,550,34,80-550-34,8055K,8,0.55
45.5,-2.5,80,550,34,80-550-34,8055K,8,0.55
45.5,-2.25,79,550,34,79-550-34,7955K,7.9,0.55
45.5,-2,79,550,34,79-550-34,7955K,7.9,0.55
45.5,-1.75,78,550,34,78-550-34,7855K,7.8,0.55
45.5,-1.5,78,550,34,78-550-34,7855K,7.8,0.55
45.5,-1.25,77,550,34,77-550-34,7755K,7.7,0.55
45.5,-1,77,550,34,77-550-34,7755K,7.7,0.55
45.5,-0.75,76,525,34,76-525-34,7653K,7.6,0.525
45.5,-0.5,76,525,34,76-525-34,7653K,7.6,0.525
45.5,-0.25,75,525,34,75-525-34,7553K,7.5,0.525
45.625,-6.5,88,575,34,88-575-34,8858K,8.8,0.575
45.625,-6.25,87,575,34,87-575-34,8758K,8.7,0.575
45.625,-6,87,575,34,87-575-34,8758K,8.7,0.575
45.625,-5.75,86,575,34,86-575-34,8658K,8.6,0.575
45.625,-5.5,86,575,34,86-575-34,8658K,8.6,0.575
45.625,-5.25,85,575,34,85-575-34,8558K,8.5,0.575
45.625,-5,85,575,34,85-575-34,8558K,8.5,0.575
45.625,-4.75,84,575,34,84-575-34,8458K,8.4,0.575
45.625,-4.5,84,575,34,84-575-34,8458K,8.4,0.575
45.625,-4.25,83,575,34,83-575-34,8358K,8.3,0.575
45.625,-4,83,550,34,83-550-34,8355K,8.3,0.55
45.625,-3.75,82,550,34,82-550-34,8255K,8.2,0.55
45.625,-3.5,82,550,34,82-550-34,8255K,8.2,0.55
45.625,-3.25,81,550,34,81-550-34,8155K,8.1,0.55
45.625,-3,80,550,34,80-550-34,8055K,8,0.55
45.625,-2.75,80,550,34,80-550-34,8055K,8,0.55
45.625,-2.5,79,550,34,79-550-34,7955K,7.9,0.55
45.625,-2.25,79,550,34,79-550-34,7955K,7.9,0.55
45.625,-2,78,550,34,78-550-34,7855K,7.8,0.55
45.625,-1.75,78,550,34,78-550-34,7855K,7.8,0.55
45.625,-1.5,77,550,34,77-550-34,7755K,7.7,0.55
45.625,-1.25,77,550,34,77-550-34,7755K,7.7,0.55
45.625,-1,76,550,34,76-550-34,7655K,7.6,0.55
45.625,-0.75,76,550,34,76-550-34,7655K,7.6,0.55
45.625,-0.5,75,525,34,75-525-34,7553K,7.5,0.525
45.625,-0.25,75,525,34,75-525-34,7553K,7.5,0.525
45.75,-6.5,87,575,34,87-575-34,8758K,8.7,0.575
45.75,-6.25,87,575,34,87-575-34,8758K,8.7,0.575
45.75,-6,86,575,34,86-575-34,8658K,8.6,0.575
45.75,-5.75,86,575,34,86-575-34,8658K,8.6,0.575
45.75,-5.5,85,575,34,85-575-34,8558K,8.5,0.575
45.75,-5.25,85,575,34,85-575-34,8558K,8.5,0.575
45.75,-5,84,575,34,84-575-34,8458K,8.4,0.575
45.75,-4.75,84,575,34,84-575-34,8458K,8.4,0.575
45.75,-4.5,83,575,34,83-575-34,8358K,8.3,0.575
45.75,-4.25,83,575,34,83-575-34,8358K,8.3,0.575
45.75,-4,82,575,34,82-575-34,8258K,8.2,0.575
45.75,-3.75,82,550,34,82-550-34,8255K,8.2,0.55
45.75,-3.5,81,550,34,81-550-34,8155K,8.1,0.55
45.75,-3.25,81,550,34,81-550-34,8155K,8.1,0.55
45.75,-3,80,550,34,80-550-34,8055K,8,0.55
45.75,-2.75,80,550,34,80-550-34,8055K,8,0.55
45.75,-2.5,79,550,34,79-550-34,7955K,7.9,0.55
45.75,-2.25,79,550,34,79-550-34,7955K,7.9,0.55
45.75,-2,78,550,34,78-550-34,7855K,7.8,0.55
45.75,-1.75,78,550,34,78-550-34,7855K,7.8,0.55
45.75,-1.5,77,550,34,77-550-34,7755K,7.7,0.55
45.75,-1.25,77,550,34,77-550-34,7755K,7.7,0.55
45.75,-1,76,550,34,76-550-34,7655K,7.6,0.55
45.75,-0.75,76,550,34,76-550-34,7655K,7.6,0.55
45.75,-0.5,75,525,34,75-525-34,7553K,7.5,0.525
45.75,-0.25,75,525,34,75-525-34,7553K,7.5,0.525
45.875,-6.5,87,575,34,87-575-34,8758K,8.7,0.575
45.875,-6.25,87,575,34,87-575-34,8758K,8.7,0.575
45.875,-6,86,575,34,86-575-34,8658K,8.6,0.575
45.875,-5.75,86,575,34,86-575-34,8658K,8.6,0.575
45.875,-5.5,85,575,34,85-575-34,8558K,8.5,0.575
45.875,-5.25,85,575,34,85-575-34,8558K,8.5,0.575
45.875,-5,84,575,34,84-575-34,8458K,8.4,0.575
45.875,-4.75,84,575,34,84-575-34,8458K,8.4,0.575
45.875,-4.5,83,575,34,83-575-34,8358K,8.3,0.575
45.875,-4.25,83,575,34,83-575-34,8358K,8.3,0.575
45.875,-4,82,575,34,82-575-34,8258K,8.2,0.575
45.875,-3.75,82,550,34,82-550-34,8255K,8.2,0.55
45.875,-3.5,81,550,34,81-550-34,8155K,8.1,0.55
45.875,-3.25,80,550,34,80-550-34,8055K,8,0.55
45.875,-3,80,550,34,80-550-34,8055K,8,0.55
45.875,-2.75,79,550,34,79-550-34,7955K,7.9,0.55
45.875,-2.5,79,550,34,79-550-34,7955K,7.9,0.55
45.875,-2.25,78,550,34,78-550-34,7855K,7.8,0.55
45.875,-2,78,550,34,78-550-34,7855K,7.8,0.55
45.875,-1.75,77,550,34,77-550-34,7755K,7.7,0.55
45.875,-1.5,77,550,34,77-550-34,7755K,7.7,0.55
45.875,-1.25,76,550,34,76-550-34,7655K,7.6,0.55
45.875,-1,76,550,34,76-550-34,7655K,7.6,0.55
45.875,-0.75,75,550,34,75-550-34,7555K,7.5,0.55
45.875,-0.5,75,550,34,75-550-34,7555K,7.5,0.55
45.875,-0.25,74,525,34,74-525-34,7453K,7.4,0.525
46,-6.5,87,575,34,87-575-34,8758K,8.7,0.575
46,-6.25,86,575,34,86-575-34,8658K,8.6,0.575
46,-6,86,575,34,86-575-34,8658K,8.6,0.575
46,-5.75,85,575,34,85-575-34,8558K,8.5,0.575
46,-5.5,85,575,34,85-575-34,8558K,8.5,0.575
46,-5.25,84,575,34,84-575-34,8458K,8.4,0.575
46,-5,84,575,34,84-575-34,8458K,8.4,0.575
46,-4.75,83,575,34,83-575-34,8358K,8.3,0.575
46,-4.5,83,575,34,83-575-34,8358K,8.3,0.575
46,-4.25,82,575,34,82-575-34,8258K,8.2,0.575
46,-4,82,575,34,82-575-34,8258K,8.2,0.575
46,-3.75,81,575,34,81-575-34,8158K,8.1,0.575
46,-3.5,81,550,34,81-550-34,8155K,8.1,0.55
46,-3.25,80,550,34,80-550-34,8055K,8,0.55
46,-3,80,550,34,80-550-34,8055K,8,0.55
46,-2.75,79,550,34,79-550-34,7955K,7.9,0.55
46,-2.5,79,550,34,79-550-34,7955K,7.9,0.55
46,-2.25,78,550,34,78-550-34,7855K,7.8,0.55
46,-2,78,550,34,78-550-34,7855K,7.8,0.55
46,-1.75,77,550,34,77-550-34,7755K,7.7,0.55
46,-1.5,77,550,34,77-550-34,7755K,7.7,0.55
46,-1.25,76,550,34,76-550-34,7655K,7.6,0.55
46,-1,76,550,34,76-550-34,7655K,7.6,0.55
46,-0.75,75,550,34,75-550-34,7555K,7.5,0.55
46,-0.5,75,550,34,75-550-34,7555K,7.5,0.55
46,-0.25,74,525,34,74-525-34,7453K,7.4,0.525
46.125,-6.5,87,575,34,87-575-34,8758K,8.7,0.575
46.125,-6.25,86,575,34,86-575-34,8658K,8.6,0.575
46.125,-6,86,575,34,86-575-34,8658K,8.6,0.575
46.125,-5.75,85,575,34,85-575-34,8558K,8.5,0.575
46.125,-5.5,85,575,34,85-575-34,8558K,8.5,0.575
46.125,-5.25,84,575,34,84-575-34,8458K,8.4,0.575
46.125,-5,84,575,34,84-575-34,8458K,8.4,0.575
46.125,-4.75,83,575,34,83-575-34,8358K,8.3,0.575
46.125,-4.5,83,575,34,83-575-34,8358K,8.3,0.575
46.125,-4.25,82,575,34,82-575-34,8258K,8.2,0.575
46.125,-4,82,575,34,82-575-34,8258K,8.2,0.575
46.125,-3.75,81,575,34,81-575-34,8158K,8.1,0.575
46.125,-3.5,80,550,34,80-550-34,8055K,8,0.55
46.125,-3.25,80,550,34,80-550-34,8055K,8,0.55
46.125,-3,79,550,34,79-550-34,7955K,7.9,0.55
46.125,-2.75,79,550,34,79-550-34,7955K,7.9,0.55
46.125,-2.5,78,550,34,78-550-34,7855K,7.8,0.55
46.125,-2.25,78,550,34,78-550-34,7855K,7.8,0.55
46.125,-2,77,550,34,77-550-34,7755K,7.7,0.55
46.125,-1.75,77,550,34,77-550-34,7755K,7.7,0.55
46.125,-1.5,76,550,34,76-550-34,7655K,7.6,0.55
46.125,-1.25,76,550,34,76-550-34,7655K,7.6,0.55
46.125,-1,75,550,34,75-550-34,7555K,7.5,0.55
46.125,-0.75,75,550,34,75-550-34,7555K,7.5,0.55
46.125,-0.5,74,550,34,74-550-34,7455K,7.4,0.55
46.125,-0.25,74,550,34,74-550-34,7455K,7.4,0.55
46.25,-6.5,86,575,34,86-575-34,8658K,8.6,0.575
46.25,-6.25,86,575,34,86-575-34,8658K,8.6,0.575
46.25,-6,85,575,34,85-575-34,8558K,8.5,0.575
46.25,-5.75,85,575,34,85-575-34,8558K,8.5,0.575
46.25,-5.5,84,575,34,84-575-34,8458K,8.4,0.575
46.25,-5.25,84,575,34,84-575-34,8458K,8.4,0.575
46.25,-5,83,575,34,83-575-34,8358K,8.3,0.575
46.25,-4.75,83,575,34,83-575-34,8358K,8.3,0.575
46.25,-4.5,82,575,34,82-575-34,8258K,8.2,0.575
46.25,-4.25,82,575,34,82-575-34,8258K,8.2,0.575
46.25,-4,81,575,34,81-575-34,8158K,8.1,0.575
46.25,-3.75,81,575,34,81-575-34,8158K,8.1,0.575
46.25,-3.5,80,575,34,80-575-34,8058K,8,0.575
46.25,-3.25,80,550,34,80-550-34,8055K,8,0.55
46.25,-3,79,550,34,79-550-34,7955K,7.9,0.55
46.25,-2.75,79,550,34,79-550-34,7955K,7.9,0.55
46.25,-2.5,78,550,34,78-550-34,7855K,7.8,0.55
46.25,-2.25,78,550,34,78-550-34,7855K,7.8,0.55
46.25,-2,77,550,34,77-550-34,7755K,7.7,0.55
46.25,-1.75,77,550,34,77-550-34,7755K,7.7,0.55
46.25,-1.5,76,550,34,76-550-34,7655K,7.6,0.55
46.25,-1.25,76,550,34,76-550-34,7655K,7.6,0.55
46.25,-1,75,550,34,75-550-34,7555K,7.5,0.55
46.25,-0.75,75,550,34,75-550-34,7555K,7.5,0.55
46.25,-0.5,74,550,34,74-550-34,7455K,7.4,0.55
46.25,-0.25,74,550,34,74-550-34,7455K,7.4,0.55
46.375,-6.5,86,575,35,86-575-35,8658M,8.6,0.575
46.375,-6.25,86,575,35,86-575-35,8658M,8.6,0.575
46.375,-6,85,575,35,85-575-35,8558M,8.5,0.575
46.375,-5.75,85,575,35,85-575-35,8558M,8.5,0.575
46.375,-5.5,84,575,35,84-575-35,8458M,8.4,0.575
46.375,-5.25,84,575,35,84-575-35,8458M,8.4,0.575
46.375,-5,83,575,35,83-575-35,8358M,8.3,0.575
46.375,-4.75,83,575,35,83-575-35,8358M,8.3,0.575
46.375,-4.5,82,575,35,82-575-35,8258M,8.2,0.575
46.375,-4.25,82,575,35,82-575-35,8258M,8.2,0.575
46.375,-4,81,575,35,81-575-35,8158M,8.1,0.575
46.375,-3.75,80,575,35,80-575-35,8058M,8,0.575
46.375,-3.5,80,575,35,80-575-35,8058M,8,0.575
46.375,-3.25,79,550,35,79-550-35,7955M,7.9,0.55
46.375,-3,79,550,35,79-550-35,7955M,7.9,0.55
46.375,-2.75,78,550,35,78-550-35,7855M,7.8,0.55
46.375,-2.5,78,550,35,78-550-35,7855M,7.8,0.55
46.375,-2.25,77,550,35,77-550-35,7755M,7.7,0.55
46.375,-2,77,550,35,77-550-35,7755M,7.7,0.55
46.375,-1.75,76,550,35,76-550-35,7655M,7.6,0.55
46.375,-1.5,76,550,35,76-550-35,7655M,7.6,0.55
46.375,-1.25,75,550,35,75-550-35,7555M,7.5,0.55
46.375,-1,75,550,35,75-550-35,7555M,7.5,0.55
46.375,-0.75,74,550,35,74-550-35,7455M,7.4,0.55
46.375,-0.5,74,550,35,74-550-35,7455M,7.4,0.55
46.375,-0.25,73,550,35,73-550-35,7355M,7.3,0.55
46.5,-6.5,86,575,35,86-575-35,8658M,8.6,0.575
46.5,-6.25,85,575,35,85-575-35,8558M,8.5,0.575
46.5,-6,85,575,35,85-575-35,8558M,8.5,0.575
46.5,-5.75,84,575,35,84-575-35,8458M,8.4,0.575
46.5,-5.5,84,575,35,84-575-35,8458M,8.4,0.575
46.5,-5.25,83,575,35,83-575-35,8358M,8.3,0.575
46.5,-5,83,575,35,83-575-35,8358M,8.3,0.575
46.5,-4.75,82,575,35,82-575-35,8258M,8.2,0.575
46.5,-4.5,82,575,35,82-575-35,8258M,8.2,0.575
46.5,-4.25,81,575,35,81-575-35,8158M,8.1,0.575
46.5,-4,81,575,35,81-575-35,8158M,8.1,0.575
46.5,-3.75,80,575,35,80-575-35,8058M,8,0.575
46.5,-3.5,80,575,35,80-575-35,8058M,8,0.575
46.5,-3.25,79,575,35,79-575-35,7958M,7.9,0.575
46.5,-3,79,550,35,79-550-35,7955M,7.9,0.55
46.5,-2.75,78,550,35,78-550-35,7855M,7.8,0.55
46.5,-2.5,78,550,35,78-550-35,7855M,7.8,0.55
46.5,-2.25,77,550,35,77-550-35,7755M,7.7,0.55
46.5,-2,77,550,35,77-550-35,7755M,7.7,0.55
46.5,-1.75,76,550,35,76-550-35,7655M,7.6,0.55
46.5,-1.5,76,550,35,76-550-35,7655M,7.6,0.55
46.5,-1.25,75,550,35,75-550-35,7555M,7.5,0.55
46.5,-1,75,550,35,75-550-35,7555M,7.5,0.55
46.5,-0.75,74,550,35,74-550-35,7455M,7.4,0.55
46.5,-0.5,74,550,35,74-550-35,7455M,7.4,0.55
46.5,-0.25,73,550,35,73-550-35,7355M,7.3,0.55
46.625,-6.5,86,575,35,86-575-35,8658M,8.6,0.575
46.625,-6.25,85,575,35,85-575-35,8558M,8.5,0.575
46.625,-6,85,575,35,85-575-35,8558M,8.5,0.575
46.625,-5.75,84,575,35,84-575-35,8458M,8.4,0.575
46.625,-5.5,84,575,35,84-575-35,8458M,8.4,0.575
46.625,-5.25,83,575,35,83-575-35,8358M,8.3,0.575
46.625,-5,83,575,35,83-575-35,8358M,8.3,0.575
46.625,-4.75,82,575,35,82-575-35,8258M,8.2,0.575
46.625,-4.5,82,575,35,82-575-35,8258M,8.2,0.575
46.625,-4.25,81,575,35,81-575-35,8158M,8.1,0.575
46.625,-4,80,575,35,80-575-35,8058M,8,0.575
46.625,-3.75,80,575,35,80-575-35,8058M,8,0.575
46.625,-3.5,79,575,35,79-575-35,7958M,7.9,0.575
46.625,-3.25,79,575,35,79-575-35,7958M,7.9,0.575
46.625,-3,78,550,35,78-550-35,7855M,7.8,0.55
46.625,-2.75,78,550,35,78-550-35,7855M,7.8,0.55
46.625,-2.5,77,550,35,77-550-35,7755M,7.7,0.55
46.625,-2.25,77,550,35,77-550-35,7755M,7.7,0.55
46.625,-2,76,550,35,76-550-35,7655M,7.6,0.55
46.625,-1.75,76,550,35,76-550-35,7655M,7.6,0.55
46.625,-1.5,75,550,35,75-550-35,7555M,7.5,0.55
46.625,-1.25,75,550,35,75-550-35,7555M,7.5,0.55
46.625,-1,74,550,35,74-550-35,7455M,7.4,0.55
46.625,-0.75,74,550,35,74-550-35,7455M,7.4,0.55
46.625,-0.5,73,550,35,73-550-35,7355M,7.3,0.55
46.625,-0.25,73,550,35,73-550-35,7355M,7.3,0.55
46.75,-6.5,85,600,35,85-600-35,8560M,8.5,0.6
46.75,-6.25,85,575,35,85-575-35,8558M,8.5,0.575
46.75,-6,84,575,35,84-575-35,8458M,8.4,0.575
46.75,-5.75,84,575,35,84-575-35,8458M,8.4,0.575
46.75,-5.5,83,575,35,83-575-35,8358M,8.3,0.575
46.75,-5.25,83,575,35,83-575-35,8358M,8.3,0.575
46.75,-5,82,575,35,82-575-35,8258M,8.2,0.575
46.75,-4.75,82,575,35,82-575-35,8258M,8.2,0.575
46.75,-4.5,81,575,35,81-575-35,8158M,8.1,0.575
46.75,-4.25,81,575,35,81-575-35,8158M,8.1,0.575
46.75,-4,80,575,35,80-575-35,8058M,8,0.575
46.75,-3.75,80,575,35,80-575-35,8058M,8,0.575
46.75,-3.5,79,575,35,79-575-35,7958M,7.9,0.575
46.75,-3.25,79,575,35,79-575-35,7958M,7.9,0.575
46.75,-3,78,575,35,78-575-35,7858M,7.8,0.575
46.75,-2.75,78,550,35,78-550-35,7855M,7.8,0.55
46.75,-2.5,77,550,35,77-550-35,7755M,7.7,0.55
46.75,-2.25,77,550,35,77-550-35,7755M,7.7,0.55
46.75,-2,76,550,35,76-550-35,7655M,7.6,0.55
46.75,-1.75,76,550,35,76-550-35,7655M,7.6,0.55
46.75,-1.5,75,550,35,75-550-35,7555M,7.5,0.55
46.75,-1.25,75,550,35,75-550-35,7555M,7.5,0.55
46.75,-1,74,550,35,74-550-35,7455M,7.4,0.55
46.75,-0.75,74,550,35,74-550-35,7455M,7.4,0.55
46.75,-0.5,73,550,35,73-550-35,7355M,7.3,0.55
46.75,-0.25,73,550,35,73-550-35,7355M,7.3,0.55
46.875,-6.5,85,600,35,85-600-35,8560M,8.5,0.6
46.875,-6.25,85,575,35,85-575-35,8558M,8.5,0.575
46.875,-6,84,575,35,84-575-35,8458M,8.4,0.575
46.875,-5.75,84,575,35,84-575-35,8458M,8.4,0.575
46.875,-5.5,83,575,35,83-575-35,8358M,8.3,0.575
46.875,-5.25,83,575,35,83-575-35,8358M,8.3,0.575
46.875,-5,82,575,35,82-575-35,8258M,8.2,0.575
46.875,-4.75,82,575,35,82-575-35,8258M,8.2,0.575
46.875,-4.5,81,575,35,81-575-35,8158M,8.1,0.575
46.875,-4.25,80,575,35,80-575-35,8058M,8,0.575
46.875,-4,80,575,35,80-575-35,8058M,8,0.575
46.875,-3.75,79,575,35,79-575-35,7958M,7.9,0.575
46.875,-3.5,79,575,35,79-575-35,7958M,7.9,0.575
46.875,-3.25,78,575,35,78-575-35,7858M,7.8,0.575
46.875,-3,78,575,35,78-575-35,7858M,7.8,0.575
46.875,-2.75,77,550,35,77-550-35,7755M,7.7,0.55
46.875,-2.5,77,550,35,77-550-35,7755M,7.7,0.55
46.875,-2.25,76,550,35,76-550-35,7655M,7.6,0.55
46.875,-2,76,550,35,76-550-35,7655M,7.6,0.55
46.875,-1.75,75,550,35,75-550-35,7555M,7.5,0.55
46.875,-1.5,75,550,35,75-550-35,7555M,7.5,0.55
46.875,-1.25,74,550,35,74-550-35,7455M,7.4,0.55
46.875,-1,74,550,35,74-550-35,7455M,7.4,0.55
46.875,-0.75,73,550,35,73-550-35,7355M,7.3,0.55
46.875,-0.5,73,550,35,73-550-35,7355M,7.3,0.55
46.875,-0.25,72,550,35,72-550-35,7255M,7.2,0.55
47,-6.5,85,600,35,85-600-35,8560M,8.5,0.6
47,-6.25,84,600,35,84-600-35,8460M,8.4,0.6
47,-6,84,575,35,84-575-35,8458M,8.4,0.575
47,-5.75,83,575,35,83-575-35,8358M,8.3,0.575
47,-5.5,83,575,35,83-575-35,8358M,8.3,0.575
47,-5.25,82,575,35,82-575-35,8258M,8.2,0.575
47,-5,82,575,35,82-575-35,8258M,8.2,0.575
47,-4.75,81,575,35,81-575-35,8158M,8.1,0.575
47,-4.5,81,575,35,81-575-35,8158M,8.1,0.575
47,-4.25,80,575,35,80-575-35,8058M,8,0.575
47,-4,80,575,35,80-575-35,8058M,8,0.575
47,-3.75,79,575,35,79-575-35,7958M,7.9,0.575
47,-3.5,79,575,35,79-575-35,7958M,7.9,0.575
47,-3.25,78,575,35,78-575-35,7858M,7.8,0.575
47,-3,78,575,35,78-575-35,7858M,7.8,0.575
47,-2.75,77,575,35,77-575-35,7758M,7.7,0.575
47,-2.5,77,550,35,77-550-35,7755M,7.7,0.55
47,-2.25,76,550,35,76-550-35,7655M,7.6,0.55
47,-2,76,550,35,76-550-35,7655M,7.6,0.55
47,-1.75,75,550,35,75-550-35,7555M,7.5,0.55
47,-1.5,75,550,35,75-550-35,7555M,7.5,0.55
47,-1.25,74,550,35,74-550-35,7455M,7.4,0.55
47,-1,74,550,35,74-550-35,7455M,7.4,0.55
47,-0.75,73,550,35,73-550-35,7355M,7.3,0.55
47,-0.5,73,550,35,73-550-35,7355M,7.3,0.55
47,-0.25,72,550,35,72-550-35,7255M,7.2,0.55
47.125,-6.5,85,600,35,85-600-35,8560M,8.5,0.6
47.125,-6.25,84,600,35,84-600-35,8460M,8.4,0.6
47.125,-6,84,575,35,84-575-35,8458M,8.4,0.575
47.125,-5.75,83,575,35,83-575-35,8358M,8.3,0.575
47.125,-5.5,83,575,35,83-575-35,8358M,8.3,0.575
47.125,-5.25,82,575,35,82-575-35,8258M,8.2,0.575
47.125,-5,82,575,35,82-575-35,8258M,8.2,0.575
47.125,-4.75,81,575,35,81-575-35,8158M,8.1,0.575
47.125,-4.5,80,575,35,80-575-35,8058M,8,0.575
47.125,-4.25,80,575,35,80-575-35,8058M,8,0.575
47.125,-4,79,575,35,79-575-35,7958M,7.9,0.575
47.125,-3.75,79,575,35,79-575-35,7958M,7.9,0.575
47.125,-3.5,78,575,35,78-575-35,7858M,7.8,0.575
47.125,-3.25,78,575,35,78-575-35,7858M,7.8,0.575
47.125,-3,77,575,35,77-575-35,7758M,7.7,0.575
47.125,-2.75,77,575,35,77-575-35,7758M,7.7,0.575
47.125,-2.5,76,550,35,76-550-35,7655M,7.6,0.55
47.125,-2.25,76,550,35,76-550-35,7655M,7.6,0.55
47.125,-2,75,550,35,75-550-35,7555M,7.5,0.55
47.125,-1.75,75,550,35,75-550-35,7555M,7.5,0.55
47.125,-1.5,74,550,35,74-550-35,7455M,7.4,0.55
47.125,-1.25,74,550,35,74-550-35,7455M,7.4,0.55
47.125,-1,73,550,35,73-550-35,7355M,7.3,0.55
47.125,-0.75,73,550,35,73-550-35,7355M,7.3,0.55
47.125,-0.5,72,550,35,72-550-35,7255M,7.2,0.55
47.125,-0.25,72,550,35,72-550-35,7255M,7.2,0.55
47.25,-6.5,84,600,35,84-600-35,8460M,8.4,0.6
47.25,-6.25,84,600,35,84-600-35,8460M,8.4,0.6
47.25,-6,83,600,35,83-600-35,8360M,8.3,0.6
47.25,-5.75,83,575,35,83-575-35,8358M,8.3,0.575
47.25,-5.5,82,575,35,82-575-35,8258M,8.2,0.575
47.25,-5.25,82,575,35,82-575-35,8258M,8.2,0.575
47.25,-5,81,575,35,81-575-35,8158M,8.1,0.575
47.25,-4.75,81,575,35,81-575-35,8158M,8.1,0.575
47.25,-4.5,80,575,35,80-575-35,8058M,8,0.575
47.25,-4.25,80,575,35,80-575-35,8058M,8,0.575
47.25,-4,79,575,35,79-575-35,7958M,7.9,0.575
47.25,-3.75,79,575,35,79-575-35,7958M,7.9,0.575
47.25,-3.5,78,575,35,78-575-35,7858M,7.8,0.575
47.25,-3.25,78,575,35,78-575-35,7858M,7.8,0.575
47.25,-3,77,575,35,77-575-35,7758M,7.7,0.575
47.25,-2.75,77,575,35,77-575-35,7758M,7.7,0.575
47.25,-2.5,76,575,35,76-575-35,7658M,7.6,0.575
47.25,-2.25,76,550,35,76-550-35,7655M,7.6,0.55
47.25,-2,75,550,35,75-550-35,7555M,7.5,0.55
47.25,-1.75,75,550,35,75-550-35,7555M,7.5,0.55
47.25,-1.5,74,550,35,74-550-35,7455M,7.4,0.55
47.25,-1.25,74,550,35,74-550-35,7455M,7.4,0.55
47.25,-1,73,550,35,73-550-35,7355M,7.3,0.55
47.25,-0.75,73,550,35,73-550-35,7355M,7.3,0.55
47.25,-0.5,72,550,35,72-550-35,7255M,7.2,0.55
47.25,-0.25,72,550,35,72-550-35,7255M,7.2,0.55
47.375,-6.5,84,600,35,84-600-35,8460M,8.4,0.6
47.375,-6.25,84,600,35,84-600-35,8460M,8.4,0.6
47.375,-6,83,600,35,83-600-35,8360M,8.3,0.6
47.375,-5.75,83,575,35,83-575-35,8358M,8.3,0.575
47.375,-5.5,82,575,35,82-575-35,8258M,8.2,0.575
47.375,-5.25,82,575,35,82-575-35,8258M,8.2,0.575
47.375,-5,81,575,35,81-575-35,8158M,8.1,0.575
47.375,-4.75,80,575,35,80-575-35,8058M,8,0.575
47.375,-4.5,80,575,35,80-575-35,8058M,8,0.575
47.375,-4.25,79,575,35,79-575-35,7958M,7.9,0.575
47.375,-4,79,575,35,79-575-35,7958M,7.9,0.575
47.375,-3.75,78,575,35,78-575-35,7858M,7.8,0.575
47.375,-3.5,78,575,35,78-575-35,7858M,7.8,0.575
47.375,-3.25,77,575,35,77-575-35,7758M,7.7,0.575
47.375,-3,77,575,35,77-575-35,7758M,7.7,0.575
47.375,-2.75,76,575,35,76-575-35,7658M,7.6,0.575
47.375,-2.5,76,575,35,76-575-35,7658M,7.6,0.575
47.375,-2.25,75,550,35,75-550-35,7555M,7.5,0.55
47.375,-2,75,550,35,75-550-35,7555M,7.5,0.55
47.375,-1.75,74,550,35,74-550-35,7455M,7.4,0.55
47.375,-1.5,74,550,35,74-550-35,7455M,7.4,0.55
47.375,-1.25,73,550,35,73-550-35,7355M,7.3,0.55
47.375,-1,73,550,35,73-550-35,7355M,7.3,0.55
47.375,-0.75,72,550,35,72-550-35,7255M,7.2,0.55
47.375,-0.5,72,550,35,72-550-35,7255M,7.2,0.55
47.375,-0.25,71,550,35,71-550-35,7155M,7.1,0.55
47.5,-6.5,84,600,35,84-600-35,8460M,8.4,0.6
47.5,-6.25,83,600,35,83-600-35,8360M,8.3,0.6
47.5,-6,83,600,35,83-600-35,8360M,8.3,0.6
47.5,-5.75,82,600,35,82-600-35,8260M,8.2,0.6
47.5,-5.5,82,575,35,82-575-35,8258M,8.2,0.575
47.5,-5.25,81,575,35,81-575-35,8158M,8.1,0.575
47.5,-5,81,575,35,81-575-35,8158M,8.1,0.575
47.5,-4.75,80,575,35,80-575-35,8058M,8,0.575
47.5,-4.5,80,575,35,80-575-35,8058M,8,0.575
47.5,-4.25,79,575,35,79-575-35,7958M,7.9,0.575
47.5,-4,79,575,35,79-575-35,7958M,7.9,0.575
47.5,-3.75,78,575,35,78-575-35,7858M,7.8,0.575
47.5,-3.5,78,575,35,78-575-35,7858M,7.8,0.575
47.5,-3.25,77,575,35,77-575-35,7758M,7.7,0.575
47.5,-3,77,575,35,77-575-35,7758M,7.7,0.575
47.5,-2.75,76,575,35,76-575-35,7658M,7.6,0.575
47.5,-2.5,76,575,35,76-575-35,7658M,7.6,0.575
47.5,-2.25,75,575,35,75-575-35,7558M,7.5,0.575
47.5,-2,75,550,35,75-550-35,7555M,7.5,0.55
47.5,-1.75,74,550,35,74-550-35,7455M,7.4,0.55
47.5,-1.5,74,550,35,74-550-35,7455M,7.4,0.55
47.5,-1.25,73,550,35,73-550-35,7355M,7.3,0.55
47.5,-1,73,550,35,73-550-35,7355M,7.3,0.55
47.5,-0.75,72,550,35,72-550-35,7255M,7.2,0.55
47.5,-0.5,72,550,35,72-550-35,7255M,7.2,0.55
47.5,-0.25,71,550,35,71-550-35,7155M,7.1,0.55
47.625,-6.5,84,600,35,84-600-35,8460M,8.4,0.6
47.625,-6.25,83,600,35,83-600-35,8360M,8.3,0.6
47.625,-6,83,600,35,83-600-35,8360M,8.3,0.6
47.625,-5.75,82,600,35,82-600-35,8260M,8.2,0.6
47.625,-5.5,82,575,35,82-575-35,8258M,8.2,0.575
47.625,-5.25,81,575,35,81-575-35,8158M,8.1,0.575
47.625,-5,80,575,35,80-575-35,8058M,8,0.575
47.625,-4.75,80,575,35,80-575-35,8058M,8,0.575
47.625,-4.5,79,575,35,79-575-35,7958M,7.9,0.575
47.625,-4.25,79,575,35,79-575-35,7958M,7.9,0.575
47.625,-4,78,575,35,78-575-35,7858M,7.8,0.575
47.625,-3.75,78,575,35,78-575-35,7858M,7.8,0.575
47.625,-3.5,77,575,35,77-575-35,7758M,7.7,0.575
47.625,-3.25,77,575,35,77-575-35,7758M,7.7,0.575
47.625,-3,76,575,35,76-575-35,7658M,7.6,0.575
47.625,-2.75,76,575,35,76-575-35,7658M,7.6,0.575
47.625,-2.5,75,575,35,75-575-35,7558M,7.5,0.575
47.625,-2.25,75,575,35,75-575-35,7558M,7.5,0.575
47.625,-2,74,550,35,74-550-35,7455M,7.4,0.55
47.625,-1.75,74,550,35,74-550-35,7455M,7.4,0.55
47.625,-1.5,73,550,35,73-550-35,7355M,7.3,0.55
47.625,-1.25,73,550,35,73-550-35,7355M,7.3,0.55
47.625,-1,72,550,35,72-550-35,7255M,7.2,0.55
47.625,-0.75,72,550,35,72-550-35,7255M,7.2,0.55
47.625,-0.5,71,550,35,71-550-35,7155M,7.1,0.55
47.625,-0.25,71,550,35,71-550-35,7155M,7.1,0.55
47.75,-6.5,83,600,35,83-600-35,8360M,8.3,0.6
47.75,-6.25,83,600,35,83-600-35,8360M,8.3,0.6
47.75,-6,82,600,35,82-600-35,8260M,8.2,0.6
47.75,-5.75,82,600,35,82-600-35,8260M,8.2,0.6
47.75,-5.5,81,600,35,81-600-35,8160M,8.1,0.6
47.75,-5.25,81,575,35,81-575-35,8158M,8.1,0.575
47.75,-5,80,575,35,80-575-35,8058M,8,0.575
47.75,-4.75,80,575,35,80-575-35,8058M,8,0.575
47.75,-4.5,79,575,35,79-575-35,7958M,7.9,0.575
47.75,-4.25,79,575,35,79-575-35,7958M,7.9,0.575
47.75,-4,78,575,35,78-575-35,7858M,7.8,0.575
47.75,-3.75,78,575,35,78-575-35,7858M,7.8,0.575
47.75,-3.5,77,575,35,77-575-35,7758M,7.7,0.575
47.75,-3.25,77,575,35,77-575-35,7758M,7.7,0.575
47.75,-3,76,575,35,76-575-35,7658M,7.6,0.575
47.75,-2.75,76,575,35,76-575-35,7658M,7.6,0.575
47.75,-2.5,75,575,35,75-575-35,7558M,7.5,0.575
47.75,-2.25,75,575,35,75-575-35,7558M,7.5,0.575
47.75,-2,74,575,35,74-575-35,7458M,7.4,0.575
47.75,-1.75,74,550,35,74-550-35,7455M,7.4,0.55
47.75,-1.5,73,550,35,73-550-35,7355M,7.3,0.55
47.75,-1.25,73,550,35,73-550-35,7355M,7.3,0.55
47.75,-1,72,550,35,72-550-35,7255M,7.2,0.55
47.75,-0.75,72,550,35,72-550-35,7255M,7.2,0.55
47.75,-0.5,71,550,35,71-550-35,7155M,7.1,0.55
47.75,-0.25,71,550,35,71-550-35,7155M,7.1,0.55
47.875,-6.5,83,600,35,83-600-35,8360M,8.3,0.6
47.875,-6.25,83,600,35,83-600-35,8360M,8.3,0.6
47.875,-6,82,600,35,82-600-35,8260M,8.2,0.6
47.875,-5.75,82,600,35,82-600-35,8260M,8.2,0.6
47.875,-5.5,81,600,35,81-600-35,8160M,8.1,0.6
47.875,-5.25,80,575,35,80-575-35,8058M,8,0.575
47.875,-5,80,575,35,80-575-35,8058M,8,0.575
47.875,-4.75,79,575,35,79-575-35,7958M,7.9,0.575
47.875,-4.5,79,575,35,79-575-35,7958M,7.9,0.575
47.875,-4.25,78,575,35,78-575-35,7858M,7.8,0.575
47.875,-4,78,575,35,78-575-35,7858M,7.8,0.575
47.875,-3.75,77,575,35,77-575-35,7758M,7.7,0.575
47.875,-3.5,77,575,35,77-575-35,7758M,7.7,0.575
47.875,-3.25,76,575,35,76-575-35,7658M,7.6,0.575
47.875,-3,76,575,35,76-575-35,7658M,7.6,0.575
47.875,-2.75,75,575,35,75-575-35,7558M,7.5,0.575
47.875,-2.5,75,575,35,75-575-35,7558M,7.5,0.575
47.875,-2.25,74,575,35,74-575-35,7458M,7.4,0.575
47.875,-2,74,575,35,74-575-35,7458M,7.4,0.575
47.875,-1.75,73,550,35,73-550-35,7355M,7.3,0.55
47.875,-1.5,73,550,35,73-550-35,7355M,7.3,0.55
47.875,-1.25,72,550,35,72-550-35,7255M,7.2,0.55
47.875,-1,72,550,35,72-550-35,7255M,7.2,0.55
47.875,-0.75,71,550,35,71-550-35,7155M,7.1,0.55
47.875,-0.5,71,550,35,71-550-35,7155M,7.1,0.55
47.875,-0.25,70,550,35,70-550-35,7055M,7,0.55
48,-6.5,83,600,35,83-600-35,8360M,8.3,0.6
48,-6.25,82,600,35,82-600-35,8260M,8.2,0.6
48,-6,82,600,35,82-600-35,8260M,8.2,0.6
48,-5.75,81,600,35,81-600-35,8160M,8.1,0.6
48,-5.5,81,600,35,81-600-35,8160M,8.1,0.6
48,-5.25,80,600,35,80-600-35,8060M,8,0.6
48,-5,80,575,35,80-575-35,8058M,8,0.575
48,-4.75,79,575,35,79-575-35,7958M,7.9,0.575
48,-4.5,79,575,35,79-575-35,7958M,7.9,0.575
48,-4.25,78,575,35,78-575-35,7858M,7.8,0.575
48,-4,78,575,35,78-575-35,7858M,7.8,0.575
48,-3.75,77,575,35,77-575-35,7758M,7.7,0.575
48,-3.5,77,575,35,77-575-35,7758M,7.7,0.575
48,-3.25,76,575,35,76-575-35,7658M,7.6,0.575
48,-3,76,575,35,76-575-35,7658M,7.6,0.575
48,-2.75,75,575,35,75-575-35,7558M,7.5,0.575
48,-2.5,75,575,35,75-575-35,7558M,7.5,0.575
48,-2.25,74,575,35,74-575-35,7458M,7.4,0.575
48,-2,74,575,35,74-575-35,7458M,7.4,0.575
48,-1.75,73,575,35,73-575-35,7358M,7.3,0.575
48,-1.5,73,550,35,73-550-35,7355M,7.3,0.55
48,-1.25,72,550,35,72-550-35,7255M,7.2,0.55
48,-1,72,550,35,72-550-35,7255M,7.2,0.55
48,-0.75,71,550,35,71-550-35,7155M,7.1,0.55
48,-0.5,71,550,35,71-550-35,7155M,7.1,0.55
48,-0.25,70,550,35,70-550-35,7055M,7,0.55
48.125,-6.5,83,600,35,83-600-35,8360M,8.3,0.6
48.125,-6.25,82,600,35,82-600-35,8260M,8.2,0.6
48.125,-6,82,600,35,82-600-35,8260M,8.2,0.6
48.125,-5.75,81,600,35,81-600-35,8160M,8.1,0.6
48.125,-5.5,80,600,35,80-600-35,8060M,8,0.6
48.125,-5.25,80,600,35,80-600-35,8060M,8,0.6
48.125,-5,79,575,35,79-575-35,7958M,7.9,0.575
48.125,-4.75,79,575,35,79-575-35,7958M,7.9,0.575
48.125,-4.5,78,575,35,78-575-35,7858M,7.8,0.575
48.125,-4.25,78,575,35,78-575-35,7858M,7.8,0.575
48.125,-4,77,575,35,77-575-35,7758M,7.7,0.575
48.125,-3.75,77,575,35,77-575-35,7758M,7.7,0.575
48.125,-3.5,76,575,35,76-575-35,7658M,7.6,0.575
48.125,-3.25,76,575,35,76-575-35,7658M,7.6,0.575
48.125,-3,75,575,35,75-575-35,7558M,7.5,0.575
48.125,-2.75,75,575,35,75-575-35,7558M,7.5,0.575
48.125,-2.5,74,575,35,74-575-35,7458M,7.4,0.575
48.125,-2.25,74,575,35,74-575-35,7458M,7.4,0.575
48.125,-2,73,575,35,73-575-35,7358M,7.3,0.575
48.125,-1.75,73,575,35,73-575-35,7358M,7.3,0.575
48.125,-1.5,72,550,35,72-550-35,7255M,7.2,0.55
48.125,-1.25,72,550,35,72-550-35,7255M,7.2,0.55
48.125,-1,71,550,35,71-550-35,7155M,7.1,0.55
48.125,-0.75,71,550,35,71-550-35,7155M,7.1,0.55
48.125,-0.5,70,550,35,70-550-35,7055M,7,0.55
48.125,-0.25,70,550,35,70-550-35,7055M,7,0.55
48.25,-6.5,82,600,35,82-600-35,8260M,8.2,0.6
48.25,-6.25,82,600,35,82-600-35,8260M,8.2,0.6
48.25,-6,81,600,35,81-600-35,8160M,8.1,0.6
48.25,-5.75,81,600,35,81-600-35,8160M,8.1,0.6
48.25,-5.5,80,600,35,80-600-35,8060M,8,0.6
48.25,-5.25,80,600,35,80-600-35,8060M,8,0.6
48.25,-5,79,600,35,79-600-35,7960M,7.9,0.6
48.25,-4.75,79,575,35,79-575-35,7958M,7.9,0.575
48.25,-4.5,78,575,35,78-575-35,7858M,7.8,0.575
48.25,-4.25,78,575,35,78-575-35,7858M,7.8,0.575
48.25,-4,77,575,35,77-575-35,7758M,7.7,0.575
48.25,-3.75,77,575,35,77-575-35,7758M,7.7,0.575
48.25,-3.5,76,575,35,76-575-35,7658M,7.6,0.575
48.25,-3.25,76,575,35,76-575-35,7658M,7.6,0.575
48.25,-3,75,575,35,75-575-35,7558M,7.5,0.575
48.25,-2.75,75,575,35,75-575-35,7558M,7.5,0.575
48.25,-2.5,74,575,35,74-575-35,7458M,7.4,0.575
48.25,-2.25,74,575,35,74-575-35,7458M,7.4,0.575
48.25,-2,73,575,35,73-575-35,7358M,7.3,0.575
48.25,-1.75,73,575,35,73-575-35,7358M,7.3,0.575
48.25,-1.5,72,575,35,72-575-35,7258M,7.2,0.575
48.25,-1.25,72,550,35,72-550-35,7255M,7.2,0.55
48.25,-1,71,550,35,71-550-35,7155M,7.1,0.55
48.25,-0.75,71,550,35,71-550-35,7155M,7.1,0.55
48.25,-0.5,70,550,35,70-550-35,7055M,7,0.55
48.25,-0.25,70,550,35,70-550-35,7055M,7,0.55
48.375,-6.5,82,600,35,82-600-35,8260M,8.2,0.6
48.375,-6.25,82,600,35,82-600-35,8260M,8.2,0.6
48.375,-6,81,600,35,81-600-35,8160M,8.1,0.6
48.375,-5.75,80,600,35,80-600-35,8060M,8,0.6
48.375,-5.5,80,600,35,80-600-35,8060M,8,0.6
48.375,-5.25,79,600,35,79-600-35,7960M,7.9,0.6
48.375,-5,79,600,35,79-600-35,7960M,7.9,0.6
48.375,-4.75,78,575,35,78-575-35,7858M,7.8,0.575
48.375,-4.5,78,575,35,78-575-35,7858M,7.8,0.575
48.375,-4.25,77,575,35,77-575-35,7758M,7.7,0.575
48.375,-4,77,575,35,77-575-35,7758M,7.7,0.575
48.375,-3.75,76,575,35,76-575-35,7658M,7.6,0.575
48.375,-3.5,76,575,35,76-575-35,7658M,7.6,0.575
48.375,-3.25,75,575,35,75-575-35,7558M,7.5,0.575
48.375,-3,75,575,35,75-575-35,7558M,7.5,0.575
48.375,-2.75,74,575,35,74-575-35,7458M,7.4,0.575
48.375,-2.5,74,575,35,74-575-35,7458M,7.4,0.575
48.375,-2.25,73,575,35,73-575-35,7358M,7.3,0.575
48.375,-2,73,575,35,73-575-35,7358M,7.3,0.575
48.375,-1.75,72,575,35,72-575-35,7258M,7.2,0.575
48.375,-1.5,72,575,35,72-575-35,7258M,7.2,0.575
48.375,-1.25,71,550,35,71-550-35,7155M,7.1,0.55
48.375,-1,71,550,35,71-550-35,7155M,7.1,0.55
48.375,-0.75,70,550,35,70-550-35,7055M,7,0.55
48.375,-0.5,70,550,35,70-550-35,7055M,7,0.55
48.375,-0.25,69,550,35,69-550-35,6955M,6.9,0.55
48.5,-6.5,82,600,36,82-600-36,8260O,8.2,0.6
48.5,-6.25,81,600,36,81-600-36,8160O,8.1,0.6
48.5,-6,81,600,36,81-600-36,8160O,8.1,0.6
48.5,-5.75,80,600,36,80-600-36,8060O,8,0.6
48.5,-5.5,80,600,36,80-600-36,8060O,8,0.6
48.5,-5.25,79,600,36,79-600-36,7960O,7.9,0.6
48.5,-5,79,600,36,79-600-36,7960O,7.9,0.6
48.5,-4.75,78,600,36,78-600-36,7860O,7.8,0.6
48.5,-4.5,78,575,36,78-575-36,7858O,7.8,0.575
48.5,-4.25,77,575,36,77-575-36,7758O,7.7,0.575
48.5,-4,77,575,36,77-575-36,7758O,7.7,0.575
48.5,-3.75,76,575,36,76-575-36,7658O,7.6,0.575
48.5,-3.5,76,575,36,76-575-36,7658O,7.6,0.575
48.5,-3.25,75,575,36,75-575-36,7558O,7.5,0.575
48.5,-3,75,575,36,75-575-36,7558O,7.5,0.575
48.5,-2.75,74,575,36,74-575-36,7458O,7.4,0.575
48.5,-2.5,74,575,36,74-575-36,7458O,7.4,0.575
48.5,-2.25,73,575,36,73-575-36,7358O,7.3,0.575
48.5,-2,73,575,36,73-575-36,7358O,7.3,0.575
48.5,-1.75,72,575,36,72-575-36,7258O,7.2,0.575
48.5,-1.5,72,575,36,72-575-36,7258O,7.2,0.575
48.5,-1.25,71,575,36,71-575-36,7158O,7.1,0.575
48.5,-1,71,550,36,71-550-36,7155O,7.1,0.55
48.5,-0.75,70,550,36,70-550-36,7055O,7,0.55
48.5,-0.5,70,550,36,70-550-36,7055O,7,0.55
48.5,-0.25,69,550,36,69-550-36,6955O,6.9,0.55
48.625,-6.5,82,600,36,82-600-36,8260O,8.2,0.6
48.625,-6.25,81,600,36,81-600-36,8160O,8.1,0.6
48.625,-6,80,600,36,80-600-36,8060O,8,0.6
48.625,-5.75,80,600,36,80-600-36,8060O,8,0.6
48.625,-5.5,79,600,36,79-600-36,7960O,7.9,0.6
48.625,-5.25,79,600,36,79-600-36,7960O,7.9,0.6
48.625,-5,78,600,36,78-600-36,7860O,7.8,0.6
48.625,-4.75,78,600,36,78-600-36,7860O,7.8,0.6
48.625,-4.5,77,575,36,77-575-36,7758O,7.7,0.575
48.625,-4.25,77,575,36,77-575-36,7758O,7.7,0.575
48.625,-4,76,575,36,76-575-36,7658O,7.6,0.575
48.625,-3.75,76,575,36,76-575-36,7658O,7.6,0.575
48.625,-3.5,75,575,36,75-575-36,7558O,7.5,0.575
48.625,-3.25,75,575,36,75-575-36,7558O,7.5,0.575
48.625,-3,74,575,36,74-575-36,7458O,7.4,0.575
48.625,-2.75,74,575,36,74-575-36,7458O,7.4,0.575
48.625,-2.5,73,575,36,73-575-36,7358O,7.3,0.575
48.625,-2.25,73,575,36,73-575-36,7358O,7.3,0.575
48.625,-2,72,575,36,72-575-36,7258O,7.2,0.575
48.625,-1.75,72,575,36,72-575-36,7258O,7.2,0.575
48.625,-1.5,71,575,36,71-575-36,7158O,7.1,0.575
48.625,-1.25,71,575,36,71-575-36,7158O,7.1,0.575
48.625,-1,70,550,36,70-550-36,7055O,7,0.55
48.625,-0.75,70,550,36,70-550-36,7055O,7,0.55
48.625,-0.5,69,550,36,69-550-36,6955O,6.9,0.55
48.625,-0.25,69,550,36,69-550-36,6955O,6.9,0.55
48.75,-6.5,81,600,36,81-600-36,8160O,8.1,0.6
48.75,-6.25,81,600,36,81-600-36,8160O,8.1,0.6
48.75,-6,80,600,36,80-600-36,8060O,8,0.6
48.75,-5.75,80,600,36,80-600-36,8060O,8,0.6
48.75,-5.5,79,600,36,79-600-36,7960O,7.9,0.6
48.75,-5.25,79,600,36,79-600-36,7960O,7.9,0.6
48.75,-5,78,600,36,78-600-36,7860O,7.8,0.6
48.75,-4.75,78,600,36,78-600-36,7860O,7.8,0.6
48.75,-4.5,77,600,36,77-600-36,7760O,7.7,0.6
48.75,-4.25,77,575,36,77-575-36,7758O,7.7,0.575
48.75,-4,76,575,36,76-575-36,7658O,7.6,0.575
48.75,-3.75,76,575,36,76-575-36,7658O,7.6,0.575
48.75,-3.5,75,575,36,75-575-36,7558O,7.5,0.575
48.75,-3.25,75,575,36,75-575-36,7558O,7.5,0.575
48.75,-3,74,575,36,74-575-36,7458O,7.4,0.575
48.75,-2.75,74,575,36,74-575-36,7458O,7.4,0.575
48.75,-2.5,73,575,36,73-575-36,7358O,7.3,0.575
48.75,-2.25,73,575,36,73-575-36,7358O,7.3,0.575
48.75,-2,72,575,36,72-575-36,7258O,7.2,0.575
48.75,-1.75,72,575,36,72-575-36,7258O,7.2,0.575
48.75,-1.5,71,575,36,71-575-36,7158O,7.1,0.575
48.75,-1.25,71,575,36,71-575-36,7158O,7.1,0.575
48.75,-1,70,575,36,70-575-36,7058O,7,0.575
48.75,-0.75,70,550,36,70-550-36,7055O,7,0.55
48.75,-0.5,69,550,36,69-550-36,6955O,6.9,0.55
48.75,-0.25,69,550,36,69-550-36,6955O,6.9,0.55
48.875,-6.5,81,600,36,81-600-36,8160O,8.1,0.6
48.875,-6.25,80,600,36,80-600-36,8060O,8,0.6
48.875,-6,80,600,36,80-600-36,8060O,8,0.6
48.875,-5.75,79,600,36,79-600-36,7960O,7.9,0.6
48.875,-5.5,79,600,36,79-600-36,7960O,7.9,0.6
48.875,-5.25,78,600,36,78-600-36,7860O,7.8,0.6
48.875,-5,78,600,36,78-600-36,7860O,7.8,0.6
48.875,-4.75,77,600,36,77-600-36,7760O,7.7,0.6
48.875,-4.5,77,600,36,77-600-36,7760O,7.7,0.6
48.875,-4.25,76,575,36,76-575-36,7658O,7.6,0.575
48.875,-4,76,575,36,76-575-36,7658O,7.6,0.575
48.875,-3.75,75,575,36,75-575-36,7558O,7.5,0.575
48.875,-3.5,75,575,36,75-575-36,7558O,7.5,0.575
48.875,-3.25,74,575,36,74-575-36,7458O,7.4,0.575
48.875,-3,74,575,36,74-575-36,7458O,7.4,0.575
48.875,-2.75,73,575,36,73-575-36,7358O,7.3,0.575
48.875,-2.5,73,575,36,73-575-36,7358O,7.3,0.575
48.875,-2.25,72,575,36,72-575-36,7258O,7.2,0.575
48.875,-2,72,575,36,72-575-36,7258O,7.2,0.575
48.875,-1.75,71,575,36,71-575-36,7158O,7.1,0.575
48.875,-1.5,71,575,36,71-575-36,7158O,7.1,0.575
48.875,-1.25,70,575,36,70-575-36,7058O,7,0.575
48.875,-1,70,575,36,70-575-36,7058O,7,0.575
48.875,-0.75,69,550,36,69-550-36,6955O,6.9,0.55
48.875,-0.5,69,550,36,69-550-36,6955O,6.9,0.55
48.875,-0.25,68,550,36,68-550-36,6855O,6.8,0.55
49,-6.5,81,600,36,81-600-36,8160O,8.1,0.6
49,-6.25,80,600,36,80-600-36,8060O,8,0.6
49,-6,80,600,36,80-600-36,8060O,8,0.6
49,-5.75,79,600,36,79-600-36,7960O,7.9,0.6
49,-5.5,79,600,36,79-600-36,7960O,7.9,0.6
49,-5.25,78,600,36,78-600-36,7860O,7.8,0.6
49,-5,78,600,36,78-600-36,7860O,7.8,0.6
49,-4.75,77,600,36,77-600-36,7760O,7.7,0.6
49,-4.5,77,600,36,77-600-36,7760O,7.7,0.6
49,-4.25,76,600,36,76-600-36,7660O,7.6,0.6
49,-4,76,575,36,76-575-36,7658O,7.6,0.575
49,-3.75,75,575,36,75-575-36,7558O,7.5,0.575
49,-3.5,75,575,36,75-575-36,7558O,7.5,0.575
49,-3.25,74,575,36,74-575-36,7458O,7.4,0.575
49,-3,74,575,36,74-575-36,7458O,7.4,0.575
49,-2.75,73,575,36,73-575-36,7358O,7.3,0.575
49,-2.5,73,575,36,73-575-36,7358O,7.3,0.575
49,-2.25,72,575,36,72-575-36,7258O,7.2,0.575
49,-2,72,575,36,72-575-36,7258O,7.2,0.575
49,-1.75,71,575,36,71-575-36,7158O,7.1,0.575
49,-1.5,71,575,36,71-575-36,7158O,7.1,0.575
49,-1.25,70,575,36,70-575-36,7058O,7,0.575
49,-1,70,575,36,70-575-36,7058O,7,0.575
49,-0.75,69,575,36,69-575-36,6958O,6.9,0.575
49,-0.5,69,550,36,69-550-36,6955O,6.9,0.55
49,-0.25,68,550,36,68-550-36,6855O,6.8,0.55
49.125,-6.5,80,600,36,80-600-36,8060O,8,0.6
49.125,-6.25,80,600,36,80-600-36,8060O,8,0.6
49.125,-6,79,600,36,79-600-36,7960O,7.9,0.6
49.125,-5.75,79,600,36,79-600-36,7960O,7.9,0.6
49.125,-5.5,78,600,36,78-600-36,7860O,7.8,0.6
49.125,-5.25,78,600,36,78-600-36,7860O,7.8,0.6
49.125,-5,77,600,36,77-600-36,7760O,7.7,0.6
49.125,-4.75,77,600,36,77-600-36,7760O,7.7,0.6
49.125,-4.5,76,600,36,76-600-36,7660O,7.6,0.6
49.125,-4.25,76,600,36,76-600-36,7660O,7.6,0.6
49.125,-4,75,575,36,75-575-36,7558O,7.5,0.575
49.125,-3.75,75,575,36,75-575-36,7558O,7.5,0.575
49.125,-3.5,74,575,36,74-575-36,7458O,7.4,0.575
49.125,-3.25,74,575,36,74-575-36,7458O,7.4,0.575
49.125,-3,73,575,36,73-575-36,7358O,7.3,0.575
49.125,-2.75,73,575,36,73-575-36,7358O,7.3,0.575
49.125,-2.5,72,575,36,72-575-36,7258O,7.2,0.575
49.125,-2.25,72,575,36,72-575-36,7258O,7.2,0.575
49.125,-2,71,575,36,71-575-36,7158O,7.1,0.575
49.125,-1.75,71,575,36,71-575-36,7158O,7.1,0.575
49.125,-1.5,70,575,36,70-575-36,7058O,7,0.575
49.125,-1.25,70,575,36,70-575-36,7058O,7,0.575
49.125,-1,69,575,36,69-575-36,6958O,6.9,0.575
49.125,-0.75,69,575,36,69-575-36,6958O,6.9,0.575
49.125,-0.5,68,550,36,68-550-36,6855O,6.8,0.55
49.125,-0.25,68,550,36,68-550-36,6855O,6.8,0.55
49.25,-6.5,80,600,36,80-600-36,8060O,8,0.6
49.25,-6.25,80,600,36,80-600-36,8060O,8,0.6
49.25,-6,79,600,36,79-600-36,7960O,7.9,0.6
49.25,-5.75,79,600,36,79-600-36,7960O,7.9,0.6
49.25,-5.5,78,600,36,78-600-36,7860O,7.8,0.6
49.25,-5.25,78,600,36,78-600-36,7860O,7.8,0.6
49.25,-5,77,600,36,77-600-36,7760O,7.7,0.6
49.25,-4.75,77,600,36,77-600-36,7760O,7.7,0.6
49.25,-4.5,76,600,36,76-600-36,7660O,7.6,0.6
49.25,-4.25,76,600,36,76-600-36,7660O,7.6,0.6
49.25,-4,75,600,36,75-600-36,7560O,7.5,0.6
49.25,-3.75,75,575,36,75-575-36,7558O,7.5,0.575
49.25,-3.5,74,575,36,74-575-36,7458O,7.4,0.575
49.25,-3.25,74,575,36,74-575-36,7458O,7.4,0.575
49.25,-3,73,575,36,73-575-36,7358O,7.3,0.575
49.25,-2.75,73,575,36,73-575-36,7358O,7.3,0.575
49.25,-2.5,72,575,36,72-575-36,7258O,7.2,0.575
49.25,-2.25,72,575,36,72-575-36,7258O,7.2,0.575
49.25,-2,71,575,36,71-575-36,7158O,7.1,0.575
49.25,-1.75,71,575,36,71-575-36,7158O,7.1,0.575
49.25,-1.5,70,575,36,70-575-36,7058O,7,0.575
49.25,-1.25,70,575,36,70-575-36,7058O,7,0.575
49.25,-1,69,575,36,69-575-36,6958O,6.9,0.575
49.25,-0.75,69,575,36,69-575-36,6958O,6.9,0.575
49.25,-0.5,68,575,36,68-575-36,6858O,6.8,0.575
49.25,-0.25,68,550,36,68-550-36,6855O,6.8,0.55
49.375,-6.5,80,600,36,80-600-36,8060O,8,0.6
49.375,-6.25,79,600,36,79-600-36,7960O,7.9,0.6
49.375,-6,79,600,36,79-600-36,7960O,7.9,0.6
49.375,-5.75,78,600,36,78-600-36,7860O,7.8,0.6
49.375,-5.5,78,600,36,78-600-36,7860O,7.8,0.6
49.375,-5.25,77,600,36,77-600-36,7760O,7.7,0.6
49.375,-5,77,600,36,77-600-36,7760O,7.7,0.6
49.375,-4.75,76,600,36,76-600-36,7660O,7.6,0.6
49.375,-4.5,76,600,36,76-600-36,7660O,7.6,0.6
49.375,-4.25,75,600,36,75-600-36,7560O,7.5,0.6
49.375,-4,75,600,36,75-600-36,7560O,7.5,0.6
49.375,-3.75,74,575,36,74-575-36,7458O,7.4,0.575
49.375,-3.5,74,575,36,74-575-36,7458O,7.4,0.575
49.375,-3.25,73,575,36,73-575-36,7358O,7.3,0.575
49.375,-3,73,575,36,73-575-36,7358O,7.3,0.575
49.375,-2.75,72,575,36,72-575-36,7258O,7.2,0.575
49.375,-2.5,72,575,36,72-575-36,7258O,7.2,0.575
49.375,-2.25,71,575,36,71-575-36,7158O,7.1,0.575
49.375,-2,71,575,36,71-575-36,7158O,7.1,0.575
49.375,-1.75,70,575,36,70-575-36,7058O,7,0.575
49.375,-1.5,70,575,36,70-575-36,7058O,7,0.575
49.375,-1.25,69,575,36,69-575-36,6958O,6.9,0.575
49.375,-1,69,575,36,69-575-36,6958O,6.9,0.575
49.375,-0.75,68,575,36,68-575-36,6858O,6.8,0.575
49.375,-0.5,68,575,36,68-575-36,6858O,6.8,0.575
49.375,-0.25,67,550,36,67-550-36,6755O,6.7,0.55
49.5,-6.5,80,600,36,80-600-36,8060O,8,0.6
49.5,-6.25,79,600,36,79-600-36,7960O,7.9,0.6
49.5,-6,79,600,36,79-600-36,7960O,7.9,0.6
49.5,-5.75,78,600,36,78-600-36,7860O,7.8,0.6
49.5,-5.5,78,600,36,78-600-36,7860O,7.8,0.6
49.5,-5.25,77,600,36,77-600-36,7760O,7.7,0.6
49.5,-5,77,600,36,77-600-36,7760O,7.7,0.6
49.5,-4.75,76,600,36,76-600-36,7660O,7.6,0.6
49.5,-4.5,76,600,36,76-600-36,7660O,7.6,0.6
49.5,-4.25,75,600,36,75-600-36,7560O,7.5,0.6
49.5,-4,75,600,36,75-600-36,7560O,7.5,0.6
49.5,-3.75,74,600,36,74-600-36,7460O,7.4,0.6
49.5,-3.5,74,575,36,74-575-36,7458O,7.4,0.575
49.5,-3.25,73,575,36,73-575-36,7358O,7.3,0.575
49.5,-3,73,575,36,73-575-36,7358O,7.3,0.575
49.5,-2.75,72,575,36,72-575-36,7258O,7.2,0.575
49.5,-2.5,72,575,36,72-575-36,7258O,7.2,0.575
49.5,-2.25,71,575,36,71-575-36,7158O,7.1,0.575
49.5,-2,71,575,36,71-575-36,7158O,7.1,0.575
49.5,-1.75,70,575,36,70-575-36,7058O,7,0.575
49.5,-1.5,70,575,36,70-575-36,7058O,7,0.575
49.5,-1.25,69,575,36,69-575-36,6958O,6.9,0.575
49.5,-1,69,575,36,69-575-36,6958O,6.9,0.575
49.5,-0.75,68,575,36,68-575-36,6858O,6.8,0.575
49.5,-0.5,68,575,36,68-575-36,6858O,6.8,0.575
49.5,-0.25,67,575,36,67-575-36,6758O,6.7,0.575
49.625,-6.5,79,600,36,79-600-36,7960O,7.9,0.6
49.625,-6.25,79,600,36,79-600-36,7960O,7.9,0.6
49.625,-6,78,600,36,78-600-36,7860O,7.8,0.6
49.625,-5.75,78,600,36,78-600-36,7860O,7.8,0.6
49.625,-5.5,77,600,36,77-600-36,7760O,7.7,0.6
49.625,-5.25,77,600,36,77-600-36,7760O,7.7,0.6
49.625,-5,76,600,36,76-600-36,7660O,7.6,0.6
49.625,-4.75,76,600,36,76-600-36,7660O,7.6,0.6
49.625,-4.5,75,600,36,75-600-36,7560O,7.5,0.6
49.625,-4.25,75,600,36,75-600-36,7560O,7.5,0.6
49.625,-4,74,600,36,74-600-36,7460O,7.4,0.6
49.625,-3.75,74,600,36,74-600-36,7460O,7.4,0.6
49.625,-3.5,73,575,36,73-575-36,7358O,7.3,0.575
49.625,-3.25,73,575,36,73-575-36,7358O,7.3,0.575
49.625,-3,72,575,36,72-575-36,7258O,7.2,0.575
49.625,-2.75,72,575,36,72-575-36,7258O,7.2,0.575
49.625,-2.5,71,575,36,71-575-36,7158O,7.1,0.575
49.625,-2.25,71,575,36,71-575-36,7158O,7.1,0.575
49.625,-2,70,575,36,70-575-36,7058O,7,0.575
49.625,-1.75,70,575,36,70-575-36,7058O,7,0.575
49.625,-1.5,69,575,36,69-575-36,6958O,6.9,0.575
49.625,-1.25,69,575,36,69-575-36,6958O,6.9,0.575
49.625,-1,68,575,36,68-575-36,6858O,6.8,0.575
49.625,-0.75,68,575,36,68-575-36,6858O,6.8,0.575
49.625,-0.5,67,575,36,67-575-36,6758O,6.7,0.575
49.625,-0.25,67,575,36,67-575-36,6758O,6.7,0.575
49.75,-6.5,79,600,36,79-600-36,7960O,7.9,0.6
49.75,-6.25,79,600,36,79-600-36,7960O,7.9,0.6
49.75,-6,78,600,36,78-600-36,7860O,7.8,0.6
49.75,-5.75,78,600,36,78-600-36,7860O,7.8,0.6
49.75,-5.5,77,600,36,77-600-36,7760O,7.7,0.6
49.75,-5.25,77,600,36,77-600-36,7760O,7.7,0.6
49.75,-5,76,600,36,76-600-36,7660O,7.6,0.6
49.75,-4.75,76,600,36,76-600-36,7660O,7.6,0.6
49.75,-4.5,75,600,36,75-600-36,7560O,7.5,0.6
49.75,-4.25,75,600,36,75-600-36,7560O,7.5,0.6
49.75,-4,74,600,36,74-600-36,7460O,7.4,0.6
49.75,-3.75,74,600,36,74-600-36,7460O,7.4,0.6
49.75,-3.5,73,600,36,73-600-36,7360O,7.3,0.6
49.75,-3.25,73,575,36,73-575-36,7358O,7.3,0.575
49.75,-3,72,575,36,72-575-36,7258O,7.2,0.575
49.75,-2.75,72,575,36,72-575-36,7258O,7.2,0.575
49.75,-2.5,71,575,36,71-575-36,7158O,7.1,0.575
49.75,-2.25,71,575,36,71-575-36,7158O,7.1,0.575
49.75,-2,70,575,36,70-575-36,7058O,7,0.575
49.75,-1.75,70,575,36,70-575-36,7058O,7,0.575
49.75,-1.5,69,575,36,69-575-36,6958O,6.9,0.575
49.75,-1.25,69,575,36,69-575-36,6958O,6.9,0.575
49.75,-1,68,575,36,68-575-36,6858O,6.8,0.575
49.75,-0.75,68,575,36,68-575-36,6858O,6.8,0.575
49.75,-0.5,67,575,36,67-575-36,6758O,6.7,0.575
49.75,-0.25,67,575,36,67-575-36,6758O,6.7,0.575
49.875,-6.5,79,600,36,79-600-36,7960O,7.9,0.6
49.875,-6.25,78,600,36,78-600-36,7860O,7.8,0.6
49.875,-6,78,600,36,78-600-36,7860O,7.8,0.6
49.875,-5.75,77,600,36,77-600-36,7760O,7.7,0.6
49.875,-5.5,77,600,36,77-600-36,7760O,7.7,0.6
49.875,-5.25,76,600,36,76-600-36,7660O,7.6,0.6
49.875,-5,76,600,36,76-600-36,7660O,7.6,0.6
49.875,-4.75,75,600,36,75-600-36,7560O,7.5,0.6
49.875,-4.5,75,600,36,75-600-36,7560O,7.5,0.6
49.875,-4.25,74,600,36,74-600-36,7460O,7.4,0.6
49.875,-4,74,600,36,74-600-36,7460O,7.4,0.6
49.875,-3.75,73,600,36,73-600-36,7360O,7.3,0.6
49.875,-3.5,73,600,36,73-600-36,7360O,7.3,0.6
49.875,-3.25,72,575,36,72-575-36,7258O,7.2,0.575
49.875,-3,72,575,36,72-575-36,7258O,7.2,0.575
49.875,-2.75,71,575,36,71-575-36,7158O,7.1,0.575
49.875,-2.5,71,575,36,71-575-36,7158O,7.1,0.575
49.875,-2.25,70,575,36,70-575-36,7058O,7,0.575
49.875,-2,70,575,36,70-575-36,7058O,7,0.575
49.875,-1.75,69,575,36,69-575-36,6958O,6.9,0.575
49.875,-1.5,69,575,36,69-575-36,6958O,6.9,0.575
49.875,-1.25,68,575,36,68-575-36,6858O,6.8,0.575
49.875,-1,68,575,36,68-575-36,6858O,6.8,0.575
49.875,-0.75,67,575,36,67-575-36,6758O,6.7,0.575
49.875,-0.5,67,575,36,67-575-36,6758O,6.7,0.575
49.875,-0.25,66,575,36,66-575-36,6658O,6.6,0.575
50,-6.5,79,600,36,79-600-36,7960O,7.9,0.6
50,-6.25,78,600,36,78-600-36,7860O,7.8,0.6
50,-6,78,600,36,78-600-36,7860O,7.8,0.6
50,-5.75,77,600,36,77-600-36,7760O,7.7,0.6
50,-5.5,77,600,36,77-600-36,7760O,7.7,0.6
50,-5.25,76,600,36,76-600-36,7660O,7.6,0.6
50,-5,76,600,36,76-600-36,7660O,7.6,0.6
50,-4.75,75,600,36,75-600-36,7560O,7.5,0.6
50,-4.5,75,600,36,75-600-36,7560O,7.5,0.6
50,-4.25,74,600,36,74-600-36,7460O,7.4,0.6
50,-4,74,600,36,74-600-36,7460O,7.4,0.6
50,-3.75,73,600,36,73-600-36,7360O,7.3,0.6
50,-3.5,73,600,36,73-600-36,7360O,7.3,0.6
50,-3.25,72,600,36,72-600-36,7260O,7.2,0.6
50,-3,72,575,36,72-575-36,7258O,7.2,0.575
50,-2.75,71,575,36,71-575-36,7158O,7.1,0.575
50,-2.5,71,575,36,71-575-36,7158O,7.1,0.575
50,-2.25,70,575,36,70-575-36,7058O,7,0.575
50,-2,70,575,36,70-575-36,7058O,7,0.575
50,-1.75,69,575,36,69-575-36,6958O,6.9,0.575
50,-1.5,69,575,36,69-575-36,6958O,6.9,0.575
50,-1.25,68,575,36,68-575-36,6858O,6.8,0.575
50,-1,68,575,36,68-575-36,6858O,6.8,0.575
50,-0.75,67,575,36,67-575-36,6758O,6.7,0.575
50,-0.5,67,575,36,67-575-36,6758O,6.7,0.575
50,-0.25,66,575,36,66-575-36,6658O,6.6,0.575
